nohup: ignoring input
** WARNING: connection is not using a post-quantum key exchange algorithm.
** This session may be vulnerable to "store now, decrypt later" attacks.
** The server may need to be upgraded. See https://openssh.com/pq.html

===============================================================================
Welcome to localhost.run!

Follow your favourite reverse tunnel at [https://twitter.com/localhost_run].

To set up and manage custom domains go to https://admin.localhost.run/

More details on custom domains (and how to enable subdomains of your custom
domain) at https://localhost.run/docs/custom-domains

If you get a permission denied error check the faq for how to connect with a key or
create a free tunnel without a key at [http://localhost:3000/docs/faq#generating-an-ssh-key].

To explore using localhost.run visit the documentation site:
https://localhost.run/docs/

===============================================================================

** your connection id is 0c5bc870-0cfb-446c-8e21-cdb9142ee04e, please mention it if you send me a message about an issue. **

{"connection_id": "f22175b3-bb3c-40b3-9969-d42b04ebec3e", "event": "authn", "message": "authenticated as anonymous user"}
{"connection_id": "f22175b3-bb3c-40b3-9969-d42b04ebec3e", "event": "tcpip-forward", "message": "b1958dfb2ab61f.lhr.life tunneled with tls termination, https://b1958dfb2ab61f.lhr.life\ncreate an account and add your key for a longer lasting domain name. see https://localhost.run/docs/forever-free/ for more information.\nOpen your tunnel address on your mobile with this QR:\n\n\u001b[7m  \u001b[0m\u001b[7m  \u001b[0m\u001b[7m  \u001b[0m\u001b[7m  \u001b[0m\u001b[7m  \u001b[0m\u001b[7m  \u001b[0m\u001b[7m  \u001b[0m\u001b[7m  \u001b[0m\u001b[7m  \u001b[0m\u001b[7m  \u001b[0m\u001b[7m  \u001b[0m\u001b[7m  \u001b[0m\u001b[7m  \u001b[0m\u001b[7m  \u001b[0m\u001b[7m  \u001b[0m\u001b[7m  \u001b[0m\u001b[7m  \u001b[0m\u001b[7m  \u001b[0m\u001b[7m  \u001b[0m\u001b[7m  \u001b[0m\u001b[7m  \u001b[0m\u001b[7m  \u001b[0m\u001b[7m  \u001b[0m\u001b[7m  \u001b[0m\u001b[7m  \u001b[0m\u001b[7m  \u001b[0m\u001b[7m  \u001b[0m\n\u001b[7m  \u001b[0m\u001b[49m  \u001b[0m\u001b[49m  \u001b[0m\u001b[49m  \u001b[0m\u001b[49m  \u001b[0m\u001b[49m  \u001b[0m\u001b[49m  \u001b[0m\u001b[49m  \u001b[0m\u001b[7m  \u001b[0m\u001b[7m  \u001b[0m\u001b[7m  \u001b[0m\u001b[49m  \u001b[0m\u001b[7m  \u001b[0m\u001b[7m  \u001b[0m\u001b[49m  \u001b[0m\u001b[7m  \u001b[0m\u001b[7m  \u001b[0m\u001b[49m  \u001b[0m\u001b[7m  \u001b[0m\u001b[49m  \u001b[0m\u001b[49m  \u001b[0m\u001b[49m  \u001b[0m\u001b[49m  \u001b[0m\u001b[49m  \u001b[0m\u001b[49m  \u001b[0m\u001b[49m  \u001b[0m\u001b[7m  \u001b[0m\n\u001b[7m  \u001b[0m\u001b[49m  \u001b[0m\u001b[7m  \u001b[0m\u001b[7m  \u001b[0m\u001b[7m  \u001b[0m\u001b[7m  \u001b[0m\u001b[7m  \u001b[0m\u001b[49m  \u001b[0m\u001b[7m  \u001b[0m\u001b[49m  \u001b[0m\u001b[49m  \u001b[0m\u001b[49m  \u001b[0m\u001b[7m  \u001b[0m\u001b[7m  \u001b[0m\u001b[7m  \u001b[0m\u001b[7m  \u001b[0m\u001b[49m  \u001b[0m\u001b[7m  \u001b[0m\u001b[7m  \u001b[0m\u001b[49m  \u001b[0m\u001b[7m  \u001b[0m\u001b[7m  \u001b[0m\u001b[7m  \u001b[0m\u001b[7m  \u001b[0m\u001b[7m  \u001b[0m\u001b[49m  \u001b[0m\u001b[7m  \u001b[0m\n\u001b[7m  \u001b[0m\u001b[49m  \u001b[0m\u001b[7m  \u001b[0m\u001b[49m  \u001b[0m\u001b[49m  \u001b[0m\u001b[49m  \u001b[0m\u001b[7m  \u001b[0m\u001b[49m  \u001b[0m\u001b[7m  \u001b[0m\u001b[49m  \u001b[0m\u001b[7m  \u001b[0m\u001b[7m  \u001b[0m\u001b[7m  \u001b[0m\u001b[7m  \u001b[0m\u001b[49m  \u001b[0m\u001b[7m  \u001b[0m\u001b[49m  \u001b[0m\u001b[49m  \u001b[0m\u001b[7m  \u001b[0m\u001b[49m  \u001b[0m\u001b[7m  \u001b[0m\u001b[49m  \u001b[0m\u001b[49m  \u001b[0m\u001b[49m  \u001b[0m\u001b[7m  \u001b[0m\u001b[49m  \u001b[0m\u001b[7m  \u001b[0m\n\u001b[7m  \u001b[0m\u001b[49m  \u001b[0m\u001b[7m  \u001b[0m\u001b[49m  \u001b[0m\u001b[49m  \u001b[0m\u001b[49m  \u001b[0m\u001b[7m  \u001b[0m\u001b[49m  \u001b[0m\u001b[7m  \u001b[0m\u001b[7m  \u001b[0m\u001b[49m  \u001b[0m\u001b[7m  \u001b[0m\u001b[7m  \u001b[0m\u001b[49m  \u001b[0m\u001b[7m  \u001b[0m\u001b[49m  \u001b[0m\u001b[7m  \u001b[0m\u001b[49m  \u001b[0m\u001b[7m  \u001b[0m\u001b[49m  \u001b[0m\u001b[7m  \u001b[0m\u001b[49m  \u001b[0m\u001b[49m  \u001b[0m\u001b[49m  \u001b[0m\u001b[7m  \u001b[0m\u001b[49m  \u001b[0m\u001b[7m  \u001b[0m\n\u001b[7m  \u001b[0m\u001b[49m  \u001b[0m\u001b[7m  \u001b[0m\u001b[49m  \u001b[0m\u001b[49m  \u001b[0m\u001b[49m  \u001b[0m\u001b[7m  \u001b[0m\u001b[49m  \u001b[0m\u001b[7m  \u001b[0m\u001b[49m  \u001b[0m\u001b[49m  \u001b[0m\u001b[49m  \u001b[0m\u001b[7m  \u001b[0m\u001b[49m  \u001b[0m\u001b[7m  \u001b[0m\u001b[49m  \u001b[0m\u001b[49m  \u001b[0m\u001b[7m  \u001b[0m\u001b[7m  \u001b[0m\u001b[49m  \u001b[0m\u001b[7m  \u001b[0m\u001b[49m  \u001b[0m\u001b[49m  \u001b[0m\u001b[49m  \u001b[0m\u001b[7m  \u001b[0m\u001b[49m  \u001b[0m\u001b[7m  \u001b[0m\n\u001b[7m  \u001b[0m\u001b[49m  \u001b[0m\u001b[7m  \u001b[0m\u001b[7m  \u001b[0m\u001b[7m  \u001b[0m\u001b[7m  \u001b[0m\u001b[7m  \u001b[0m\u001b[49m  \u001b[0m\u001b[7m  \u001b[0m\u001b[49m  \u001b[0m\u001b[7m  \u001b[0m\u001b[49m  \u001b[0m\u001b[7m  \u001b[0m\u001b[49m  \u001b[0m\u001b[7m  \u001b[0m\u001b[7m  \u001b[0m\u001b[7m  \u001b[0m\u001b[49m  \u001b[0m\u001b[7m  \u001b[0m\u001b[49m  \u001b[0m\u001b[7m  \u001b[0m\u001b[7m  \u001b[0m\u001b[7m  \u001b[0m\u001b[7m  \u001b[0m\u001b[7m  \u001b[0m\u001b[49m  \u001b[0m\u001b[7m  \u001b[0m\n\u001b[7m  \u001b[0m\u001b[49m  \u001b[0m\u001b[49m  \u001b[0m\u001b[49m  \u001b[0m\u001b[49m  \u001b[0m\u001b[49m  \u001b[0m\u001b[49m  \u001b[0m\u001b[49m  \u001b[0m\u001b[7m  \u001b[0m\u001b[49m  \u001b[0m\u001b[7m  \u001b[0m\u001b[49m  \u001b[0m\u001b[7m  \u001b[0m\u001b[49m  \u001b[0m\u001b[7m  \u001b[0m\u001b[49m  \u001b[0m\u001b[7m  \u001b[0m\u001b[49m  \u001b[0m\u001b[7m  \u001b[0m\u001b[49m  \u001b[0m\u001b[49m  \u001b[0m\u001b[49m  \u001b[0m\u001b[49m  \u001b[0m\u001b[49m  \u001b[0m\u001b[49m  \u001b[0m\u001b[49m  \u001b[0m\u001b[7m  \u001b[0m\n\u001b[7m  \u001b[0m\u001b[7m  \u001b[0m\u001b[7m  \u001b[0m\u001b[7m  \u001b[0m\u001b[7m  \u001b[0m\u001b[7m  \u001b[0m\u001b[7m  \u001b[0m\u001b[7m  \u001b[0m\u001b[7m  \u001b[0m\u001b[49m  \u001b[0m\u001b[7m  \u001b[0m\u001b[49m  \u001b[0m\u001b[49m  \u001b[0m\u001b[7m  \u001b[0m\u001b[49m  \u001b[0m\u001b[7m  \u001b[0m\u001b[7m  \u001b[0m\u001b[49m  \u001b[0m\u001b[7m  \u001b[0m\u001b[7m  \u001b[0m\u001b[7m  \u001b[0m\u001b[7m  \u001b[0m\u001b[7m  \u001b[0m\u001b[7m  \u001b[0m\u001b[7m  \u001b[0m\u001b[7m  \u001b[0m\u001b[7m  \u001b[0m\n\u001b[7m  \u001b[0m\u001b[49m  \u001b[0m\u001b[49m  \u001b[0m\u001b[7m  \u001b[0m\u001b[49m  \u001b[0m\u001b[7m  \u001b[0m\u001b[7m  \u001b[0m\u001b[49m  \u001b[0m\u001b[49m  \u001b[0m\u001b[7m  \u001b[0m\u001b[7m  \u001b[0m\u001b[7m  \u001b[0m\u001b[49m  \u001b[0m\u001b[49m  \u001b[0m\u001b[49m  \u001b[0m\u001b[49m  \u001b[0m\u001b[49m  \u001b[0m\u001b[7m  \u001b[0m\u001b[7m  \u001b[0m\u001b[49m  \u001b[0m\u001b[49m  \u001b[0m\u001b[49m  \u001b[0m\u001b[7m  \u001b[0m\u001b[49m  \u001b[0m\u001b[49m  \u001b[0m\u001b[7m  \u001b[0m\u001b[7m  \u001b[0m\n\u001b[7m  \u001b[0m\u001b[7m  \u001b[0m\u001b[7m  \u001b[0m\u001b[49m  \u001b[0m\u001b[49m  \u001b[0m\u001b[49m  \u001b[0m\u001b[49m  \u001b[0m\u001b[7m  \u001b[0m\u001b[49m  \u001b[0m\u001b[7m  \u001b[0m\u001b[49m  \u001b[0m\u001b[7m  \u001b[0m\u001b[49m  \u001b[0m\u001b[49m  \u001b[0m\u001b[7m  \u001b[0m\u001b[7m  \u001b[0m\u001b[7m  \u001b[0m\u001b[7m  \u001b[0m\u001b[7m  \u001b[0m\u001b[7m  \u001b[0m\u001b[7m  \u001b[0m\u001b[49m  \u001b[0m\u001b[7m  \u001b[0m\u001b[7m  \u001b[0m\u001b[49m  \u001b[0m\u001b[49m  \u001b[0m\u001b[7m  \u001b[0m\n\u001b[7m  \u001b[0m\u001b[49m  \u001b[0m\u001b[7m  \u001b[0m\u001b[7m  \u001b[0m\u001b[7m  \u001b[0m\u001b[49m  \u001b[0m\u001b[7m  \u001b[0m\u001b[49m  \u001b[0m\u001b[7m  \u001b[0m\u001b[7m  \u001b[0m\u001b[7m  \u001b[0m\u001b[7m  \u001b[0m\u001b[49m  \u001b[0m\u001b[49m  \u001b[0m\u001b[49m  \u001b[0m\u001b[7m  \u001b[0m\u001b[7m  \u001b[0m\u001b[49m  \u001b[0m\u001b[49m  \u001b[0m\u001b[49m  \u001b[0m\u001b[7m  \u001b[0m\u001b[49m  \u001b[0m\u001b[49m  \u001b[0m\u001b[7m  \u001b[0m\u001b[49m  \u001b[0m\u001b[49m  \u001b[0m\u001b[7m  \u001b[0m\n\u001b[7m  \u001b[0m\u001b[7m  \u001b[0m\u001b[7m  \u001b[0m\u001b[49m  \u001b[0m\u001b[49m  \u001b[0m\u001b[7m  \u001b[0m\u001b[7m  \u001b[0m\u001b[7m  \u001b[0m\u001b[49m  \u001b[0m\u001b[49m  \u001b[0m\u001b[49m  \u001b[0m\u001b[49m  \u001b[0m\u001b[49m  \u001b[0m\u001b[49m  \u001b[0m\u001b[7m  \u001b[0m\u001b[49m  \u001b[0m\u001b[7m  \u001b[0m\u001b[49m  \u001b[0m\u001b[49m  \u001b[0m\u001b[7m  \u001b[0m\u001b[7m  \u001b[0m\u001b[49m  \u001b[0m\u001b[7m  \u001b[0m\u001b[7m  \u001b[0m\u001b[7m  \u001b[0m\u001b[49m  \u001b[0m\u001b[7m  \u001b[0m\n\u001b[7m  \u001b[0m\u001b[49m  \u001b[0m\u001b[49m  \u001b[0m\u001b[49m  \u001b[0m\u001b[7m  \u001b[0m\u001b[7m  \u001b[0m\u001b[7m  \u001b[0m\u001b[49m  \u001b[0m\u001b[7m  \u001b[0m\u001b[7m  \u001b[0m\u001b[7m  \u001b[0m\u001b[49m  \u001b[0m\u001b[49m  \u001b[0m\u001b[7m  \u001b[0m\u001b[49m  \u001b[0m\u001b[7m  \u001b[0m\u001b[49m  \u001b[0m\u001b[49m  \u001b[0m\u001b[49m  \u001b[0m\u001b[49m  \u001b[0m\u001b[7m  \u001b[0m\u001b[49m  \u001b[0m\u001b[7m  \u001b[0m\u001b[49m  \u001b[0m\u001b[7m  \u001b[0m\u001b[7m  \u001b[0m\u001b[7m  \u001b[0m\n\u001b[7m  \u001b[0m\u001b[7m  \u001b[0m\u001b[7m  \u001b[0m\u001b[7m  \u001b[0m\u001b[49m  \u001b[0m\u001b[7m  \u001b[0m\u001b[49m  \u001b[0m\u001b[7m  \u001b[0m\u001b[49m  \u001b[0m\u001b[7m  \u001b[0m\u001b[7m  \u001b[0m\u001b[7m  \u001b[0m\u001b[49m  \u001b[0m\u001b[7m  \u001b[0m\u001b[7m  \u001b[0m\u001b[7m  \u001b[0m\u001b[49m  \u001b[0m\u001b[49m  \u001b[0m\u001b[7m  \u001b[0m\u001b[7m  \u001b[0m\u001b[49m  \u001b[0m\u001b[7m  \u001b[0m\u001b[7m  \u001b[0m\u001b[49m  \u001b[0m\u001b[49m  \u001b[0m\u001b[49m  \u001b[0m\u001b[7m  \u001b[0m\n\u001b[7m  \u001b[0m\u001b[49m  \u001b[0m\u001b[7m  \u001b[0m\u001b[49m  \u001b[0m\u001b[7m  \u001b[0m\u001b[7m  \u001b[0m\u001b[49m  \u001b[0m\u001b[49m  \u001b[0m\u001b[7m  \u001b[0m\u001b[49m  \u001b[0m\u001b[7m  \u001b[0m\u001b[49m  \u001b[0m\u001b[49m  \u001b[0m\u001b[7m  \u001b[0m\u001b[7m  \u001b[0m\u001b[49m  \u001b[0m\u001b[7m  \u001b[0m\u001b[49m  \u001b[0m\u001b[7m  \u001b[0m\u001b[49m  \u001b[0m\u001b[49m  \u001b[0m\u001b[49m  \u001b[0m\u001b[7m  \u001b[0m\u001b[7m  \u001b[0m\u001b[49m  \u001b[0m\u001b[7m  \u001b[0m\u001b[7m  \u001b[0m\n\u001b[7m  \u001b[0m\u001b[7m  \u001b[0m\u001b[49m  \u001b[0m\u001b[49m  \u001b[0m\u001b[7m  \u001b[0m\u001b[49m  \u001b[0m\u001b[7m  \u001b[0m\u001b[7m  \u001b[0m\u001b[7m  \u001b[0m\u001b[7m  \u001b[0m\u001b[49m  \u001b[0m\u001b[7m  \u001b[0m\u001b[49m  \u001b[0m\u001b[7m  \u001b[0m\u001b[7m  \u001b[0m\u001b[7m  \u001b[0m\u001b[7m  \u001b[0m\u001b[7m  \u001b[0m\u001b[7m  \u001b[0m\u001b[49m  \u001b[0m\u001b[49m  \u001b[0m\u001b[7m  \u001b[0m\u001b[49m  \u001b[0m\u001b[7m  \u001b[0m\u001b[7m  \u001b[0m\u001b[7m  \u001b[0m\u001b[7m  \u001b[0m\n\u001b[7m  \u001b[0m\u001b[49m  \u001b[0m\u001b[49m  \u001b[0m\u001b[49m  \u001b[0m\u001b[7m  \u001b[0m\u001b[7m  \u001b[0m\u001b[7m  \u001b[0m\u001b[49m  \u001b[0m\u001b[7m  \u001b[0m\u001b[49m  \u001b[0m\u001b[7m  \u001b[0m\u001b[7m  \u001b[0m\u001b[7m  \u001b[0m\u001b[49m  \u001b[0m\u001b[7m  \u001b[0m\u001b[7m  \u001b[0m\u001b[49m  \u001b[0m\u001b[49m  \u001b[0m\u001b[49m  \u001b[0m\u001b[49m  \u001b[0m\u001b[49m  \u001b[0m\u001b[49m  \u001b[0m\u001b[49m  \u001b[0m\u001b[49m  \u001b[0m\u001b[7m  \u001b[0m\u001b[49m  \u001b[0m\u001b[7m  \u001b[0m\n\u001b[7m  \u001b[0m\u001b[7m  \u001b[0m\u001b[7m  \u001b[0m\u001b[7m  \u001b[0m\u001b[7m  \u001b[0m\u001b[7m  \u001b[0m\u001b[7m  \u001b[0m\u001b[7m  \u001b[0m\u001b[7m  \u001b[0m\u001b[49m  \u001b[0m\u001b[49m  \u001b[0m\u001b[49m  \u001b[0m\u001b[7m  \u001b[0m\u001b[49m  \u001b[0m\u001b[49m  \u001b[0m\u001b[49m  \u001b[0m\u001b[49m  \u001b[0m\u001b[49m  \u001b[0m\u001b[7m  \u001b[0m\u001b[7m  \u001b[0m\u001b[7m  \u001b[0m\u001b[49m  \u001b[0m\u001b[7m  \u001b[0m\u001b[49m  \u001b[0m\u001b[49m  \u001b[0m\u001b[49m  \u001b[0m\u001b[7m  \u001b[0m\n\u001b[7m  \u001b[0m\u001b[49m  \u001b[0m\u001b[49m  \u001b[0m\u001b[49m  \u001b[0m\u001b[49m  \u001b[0m\u001b[49m  \u001b[0m\u001b[49m  \u001b[0m\u001b[49m  \u001b[0m\u001b[7m  \u001b[0m\u001b[49m  \u001b[0m\u001b[7m  \u001b[0m\u001b[49m  \u001b[0m\u001b[49m  \u001b[0m\u001b[49m  \u001b[0m\u001b[7m  \u001b[0m\u001b[49m  \u001b[0m\u001b[49m  \u001b[0m\u001b[49m  \u001b[0m\u001b[7m  \u001b[0m\u001b[49m  \u001b[0m\u001b[7m  \u001b[0m\u001b[49m  \u001b[0m\u001b[49m  \u001b[0m\u001b[49m  \u001b[0m\u001b[7m  \u001b[0m\u001b[7m  \u001b[0m\u001b[7m  \u001b[0m\n\u001b[7m  \u001b[0m\u001b[49m  \u001b[0m\u001b[7m  \u001b[0m\u001b[7m  \u001b[0m\u001b[7m  \u001b[0m\u001b[7m  \u001b[0m\u001b[7m  \u001b[0m\u001b[49m  \u001b[0m\u001b[7m  \u001b[0m\u001b[7m  \u001b[0m\u001b[7m  \u001b[0m\u001b[49m  \u001b[0m\u001b[7m  \u001b[0m\u001b[49m  \u001b[0m\u001b[7m  \u001b[0m\u001b[7m  \u001b[0m\u001b[7m  \u001b[0m\u001b[49m  \u001b[0m\u001b[7m  \u001b[0m\u001b[7m  \u001b[0m\u001b[7m  \u001b[0m\u001b[49m  \u001b[0m\u001b[7m  \u001b[0m\u001b[7m  \u001b[0m\u001b[7m  \u001b[0m\u001b[49m  \u001b[0m\u001b[7m  \u001b[0m\n\u001b[7m  \u001b[0m\u001b[49m  \u001b[0m\u001b[7m  \u001b[0m\u001b[49m  \u001b[0m\u001b[49m  \u001b[0m\u001b[49m  \u001b[0m\u001b[7m  \u001b[0m\u001b[49m  \u001b[0m\u001b[7m  \u001b[0m\u001b[7m  \u001b[0m\u001b[49m  \u001b[0m\u001b[7m  \u001b[0m\u001b[7m  \u001b[0m\u001b[7m  \u001b[0m\u001b[7m  \u001b[0m\u001b[7m  \u001b[0m\u001b[49m  \u001b[0m\u001b[49m  \u001b[0m\u001b[49m  \u001b[0m\u001b[49m  \u001b[0m\u001b[49m  \u001b[0m\u001b[49m  \u001b[0m\u001b[49m  \u001b[0m\u001b[49m  \u001b[0m\u001b[7m  \u001b[0m\u001b[7m  \u001b[0m\u001b[7m  \u001b[0m\n\u001b[7m  \u001b[0m\u001b[49m  \u001b[0m\u001b[7m  \u001b[0m\u001b[49m  \u001b[0m\u001b[49m  \u001b[0m\u001b[49m  \u001b[0m\u001b[7m  \u001b[0m\u001b[49m  \u001b[0m\u001b[7m  \u001b[0m\u001b[49m  \u001b[0m\u001b[7m  \u001b[0m\u001b[7m  \u001b[0m\u001b[49m  \u001b[0m\u001b[7m  \u001b[0m\u001b[7m  \u001b[0m\u001b[7m  \u001b[0m\u001b[7m  \u001b[0m\u001b[49m  \u001b[0m\u001b[49m  \u001b[0m\u001b[7m  \u001b[0m\u001b[7m  \u001b[0m\u001b[49m  \u001b[0m\u001b[49m  \u001b[0m\u001b[7m  \u001b[0m\u001b[49m  \u001b[0m\u001b[7m  \u001b[0m\u001b[7m  \u001b[0m\n\u001b[7m  \u001b[0m\u001b[49m  \u001b[0m\u001b[7m  \u001b[0m\u001b[49m  \u001b[0m\u001b[49m  \u001b[0m\u001b[49m  \u001b[0m\u001b[7m  \u001b[0m\u001b[49m  \u001b[0m\u001b[7m  \u001b[0m\u001b[7m  \u001b[0m\u001b[7m  \u001b[0m\u001b[49m  \u001b[0m\u001b[7m  \u001b[0m\u001b[7m  \u001b[0m\u001b[7m  \u001b[0m\u001b[7m  \u001b[0m\u001b[7m  \u001b[0m\u001b[7m  \u001b[0m\u001b[7m  \u001b[0m\u001b[49m  \u001b[0m\u001b[49m  \u001b[0m\u001b[49m  \u001b[0m\u001b[49m  \u001b[0m\u001b[7m  \u001b[0m\u001b[7m  \u001b[0m\u001b[49m  \u001b[0m\u001b[7m  \u001b[0m\n\u001b[7m  \u001b[0m\u001b[49m  \u001b[0m\u001b[7m  \u001b[0m\u001b[7m  \u001b[0m\u001b[7m  \u001b[0m\u001b[7m  \u001b[0m\u001b[7m  \u001b[0m\u001b[49m  \u001b[0m\u001b[7m  \u001b[0m\u001b[49m  \u001b[0m\u001b[7m  \u001b[0m\u001b[7m  \u001b[0m\u001b[7m  \u001b[0m\u001b[7m  \u001b[0m\u001b[7m  \u001b[0m\u001b[49m  \u001b[0m\u001b[49m  \u001b[0m\u001b[7m  \u001b[0m\u001b[49m  \u001b[0m\u001b[7m  \u001b[0m\u001b[49m  \u001b[0m\u001b[49m  \u001b[0m\u001b[7m  \u001b[0m\u001b[49m  \u001b[0m\u001b[7m  \u001b[0m\u001b[49m  \u001b[0m\u001b[7m  \u001b[0m\n\u001b[7m  \u001b[0m\u001b[49m  \u001b[0m\u001b[49m  \u001b[0m\u001b[49m  \u001b[0m\u001b[49m  \u001b[0m\u001b[49m  \u001b[0m\u001b[49m  \u001b[0m\u001b[49m  \u001b[0m\u001b[7m  \u001b[0m\u001b[49m  \u001b[0m\u001b[49m  \u001b[0m\u001b[49m  \u001b[0m\u001b[7m  \u001b[0m\u001b[49m  \u001b[0m\u001b[7m  \u001b[0m\u001b[7m  \u001b[0m\u001b[49m  \u001b[0m\u001b[49m  \u001b[0m\u001b[7m  \u001b[0m\u001b[7m  \u001b[0m\u001b[7m  \u001b[0m\u001b[49m  \u001b[0m\u001b[49m  \u001b[0m\u001b[7m  \u001b[0m\u001b[7m  \u001b[0m\u001b[49m  \u001b[0m\u001b[7m  \u001b[0m\n\u001b[7m  \u001b[0m\u001b[7m  \u001b[0m\u001b[7m  \u001b[0m\u001b[7m  \u001b[0m\u001b[7m  \u001b[0m\u001b[7m  \u001b[0m\u001b[7m  \u001b[0m\u001b[7m  \u001b[0m\u001b[7m  \u001b[0m\u001b[7m  \u001b[0m\u001b[7m  \u001b[0m\u001b[7m  \u001b[0m\u001b[7m  \u001b[0m\u001b[7m  \u001b[0m\u001b[7m  \u001b[0m\u001b[7m  \u001b[0m\u001b[7m  \u001b[0m\u001b[7m  \u001b[0m\u001b[7m  \u001b[0m\u001b[7m  \u001b[0m\u001b[7m  \u001b[0m\u001b[7m  \u001b[0m\u001b[7m  \u001b[0m\u001b[7m  \u001b[0m\u001b[7m  \u001b[0m\u001b[7m  \u001b[0m\u001b[7m  \u001b[0m\n", "tls_termination": true, "requested_host": "localhost", "requested_port": 80, "address": "b1958dfb2ab61f.lhr.life", "listen_host": "b1958dfb2ab61f.lhr.life", "listen_port": 80, "type": "opened", "status": "success", "authz_code": "OK"}
Read from remote host localhost.run: Connection reset by peer
client_loop: send disconnect: Connection reset by peer
ssh: Could not resolve hostname localhost.run: Name or service not known
ssh: Could not resolve hostname localhost.run: Name or service not known
ssh: Could not resolve hostname localhost.run: Name or service not known
ssh: Could not resolve hostname localhost.run: Name or service not known
ssh: Could not resolve hostname localhost.run: Name or service not known
ssh: Could not resolve hostname localhost.run: Name or service not known
ssh: Could not resolve hostname localhost.run: Name or service not known
ssh: Could not resolve hostname localhost.run: Name or service not known
ssh: Could not resolve hostname localhost.run: Name or service not known
ssh: Could not resolve hostname localhost.run: Name or service not known
ssh: Could not resolve hostname localhost.run: Name or service not known
ssh: Could not resolve hostname localhost.run: Name or service not known
ssh: Could not resolve hostname localhost.run: Name or service not known
ssh: Could not resolve hostname localhost.run: Name or service not known
ssh: Could not resolve hostname localhost.run: Name or service not known
ssh: Could not resolve hostname localhost.run: Name or service not known
ssh: Could not resolve hostname localhost.run: Name or service not known
ssh: Could not resolve hostname localhost.run: Name or service not known
ssh: Could not resolve hostname localhost.run: Name or service not known
ssh: Could not resolve hostname localhost.run: Name or service not known
ssh: Could not resolve hostname localhost.run: Name or service not known
ssh: Could not resolve hostname localhost.run: Name or service not known
ssh: Could not resolve hostname localhost.run: Name or service not known
ssh: Could not resolve hostname localhost.run: Name or service not known
ssh: Could not resolve hostname localhost.run: Name or service not known
ssh: Could not resolve hostname localhost.run: Name or service not known
ssh: Could not resolve hostname localhost.run: Name or service not known
ssh: Could not resolve hostname localhost.run: Name or service not known
ssh: Could not resolve hostname localhost.run: Name or service not known
ssh: Could not resolve hostname localhost.run: Name or service not known
ssh: Could not resolve hostname localhost.run: Name or service not known
ssh: Could not resolve hostname localhost.run: Name or service not known
ssh: Could not resolve hostname localhost.run: Name or service not known
ssh: Could not resolve hostname localhost.run: Name or service not known
ssh: Could not resolve hostname localhost.run: Name or service not known
ssh: Could not resolve hostname localhost.run: Name or service not known
ssh: Could not resolve hostname localhost.run: Name or service not known
ssh: Could not resolve hostname localhost.run: Name or service not known
ssh: Could not resolve hostname localhost.run: Name or service not known
ssh: Could not resolve hostname localhost.run: Name or service not known
ssh: Could not resolve hostname localhost.run: Name or service not known
ssh: Could not resolve hostname localhost.run: Name or service not known
ssh: Could not resolve hostname localhost.run: Name or service not known
ssh: Could not resolve hostname localhost.run: Name or service not known
ssh: Could not resolve hostname localhost.run: Name or service not known
ssh: Could not resolve hostname localhost.run: Name or service not known
ssh: Could not resolve hostname localhost.run: Name or service not known
ssh: Could not resolve hostname localhost.run: Name or service not known
ssh: Could not resolve hostname localhost.run: Name or service not known
ssh: Could not resolve hostname localhost.run: Name or service not known
ssh: Could not resolve hostname localhost.run: Name or service not known
ssh: Could not resolve hostname localhost.run: Name or service not known
ssh: Could not resolve hostname localhost.run: Name or service not known
ssh: Could not resolve hostname localhost.run: Name or service not known
ssh: Could not resolve hostname localhost.run: Name or service not known
ssh: Could not resolve hostname localhost.run: Name or service not known
ssh: Could not resolve hostname localhost.run: Name or service not known
ssh: Could not resolve hostname localhost.run: Name or service not known
ssh: Could not resolve hostname localhost.run: Name or service not known
ssh: Could not resolve hostname localhost.run: Name or service not known
ssh: Could not resolve hostname localhost.run: Name or service not known
ssh: Could not resolve hostname localhost.run: Name or service not known
ssh: Could not resolve hostname localhost.run: Name or service not known
ssh: Could not resolve hostname localhost.run: Name or service not known
ssh: Could not resolve hostname localhost.run: Name or service not known
ssh: Could not resolve hostname localhost.run: Name or service not known
ssh: Could not resolve hostname localhost.run: Name or service not known
ssh: Could not resolve hostname localhost.run: Name or service not known
ssh: Could not resolve hostname localhost.run: Name or service not known
ssh: Could not resolve hostname localhost.run: Name or service not known
ssh: Could not resolve hostname localhost.run: Name or service not known
ssh: Could not resolve hostname localhost.run: Name or service not known
ssh: Could not resolve hostname localhost.run: Name or service not known
ssh: Could not resolve hostname localhost.run: Name or service not known
ssh: Could not resolve hostname localhost.run: Name or service not known
ssh: Could not resolve hostname localhost.run: Name or service not known
ssh: Could not resolve hostname localhost.run: Name or service not known
ssh: Could not resolve hostname localhost.run: Name or service not known
ssh: Could not resolve hostname localhost.run: Name or service not known
ssh: Could not resolve hostname localhost.run: Name or service not known
ssh: Could not resolve hostname localhost.run: Name or service not known
ssh: Could not resolve hostname localhost.run: Name or service not known
ssh: Could not resolve hostname localhost.run: Name or service not known
ssh: Could not resolve hostname localhost.run: Name or service not known
ssh: Could not resolve hostname localhost.run: Name or service not known
ssh: Could not resolve hostname localhost.run: Name or service not known
ssh: Could not resolve hostname localhost.run: Name or service not known
ssh: Could not resolve hostname localhost.run: Name or service not known
ssh: Could not resolve hostname localhost.run: Name or service not known
ssh: Could not resolve hostname localhost.run: Name or service not known
ssh: Could not resolve hostname localhost.run: Name or service not known
ssh: Could not resolve hostname localhost.run: Name or service not known
ssh: Could not resolve hostname localhost.run: Name or service not known
ssh: Could not resolve hostname localhost.run: Name or service not known
ssh: Could not resolve hostname localhost.run: Name or service not known
ssh: Could not resolve hostname localhost.run: Name or service not known
ssh: Could not resolve hostname localhost.run: Name or service not known
ssh: Could not resolve hostname localhost.run: Name or service not known
ssh: Could not resolve hostname localhost.run: Name or service not known
ssh: Could not resolve hostname localhost.run: Name or service not known
ssh: Could not resolve hostname localhost.run: Name or service not known
ssh: Could not resolve hostname localhost.run: Name or service not known
ssh: Could not resolve hostname localhost.run: Name or service not known
ssh: Could not resolve hostname localhost.run: Name or service not known
ssh: Could not resolve hostname localhost.run: Name or service not known
ssh: Could not resolve hostname localhost.run: Name or service not known
ssh: Could not resolve hostname localhost.run: Name or service not known
ssh: Could not resolve hostname localhost.run: Name or service not known
ssh: Could not resolve hostname localhost.run: Name or service not known
ssh: Could not resolve hostname localhost.run: Name or service not known
ssh: Could not resolve hostname localhost.run: Name or service not known
ssh: Could not resolve hostname localhost.run: Name or service not known
ssh: Could not resolve hostname localhost.run: Name or service not known
ssh: Could not resolve hostname localhost.run: Name or service not known
ssh: Could not resolve hostname localhost.run: Name or service not known
ssh: Could not resolve hostname localhost.run: Name or service not known
ssh: Could not resolve hostname localhost.run: Name or service not known
ssh: Could not resolve hostname localhost.run: Name or service not known
ssh: Could not resolve hostname localhost.run: Name or service not known
ssh: Could not resolve hostname localhost.run: Name or service not known
ssh: Could not resolve hostname localhost.run: Name or service not known
ssh: Could not resolve hostname localhost.run: Name or service not known
ssh: Could not resolve hostname localhost.run: Name or service not known
ssh: Could not resolve hostname localhost.run: Name or service not known
ssh: Could not resolve hostname localhost.run: Name or service not known
ssh: Could not resolve hostname localhost.run: Name or service not known
ssh: Could not resolve hostname localhost.run: Name or service not known
ssh: Could not resolve hostname localhost.run: Name or service not known
ssh: Could not resolve hostname localhost.run: Name or service not known
ssh: Could not resolve hostname localhost.run: Name or service not known
ssh: Could not resolve hostname localhost.run: Name or service not known
ssh: Could not resolve hostname localhost.run: Name or service not known
ssh: Could not resolve hostname localhost.run: Name or service not known
ssh: Could not resolve hostname localhost.run: Name or service not known
ssh: Could not resolve hostname localhost.run: Name or service not known
ssh: Could not resolve hostname localhost.run: Name or service not known
ssh: Could not resolve hostname localhost.run: Name or service not known
ssh: Could not resolve hostname localhost.run: Name or service not known
ssh: Could not resolve hostname localhost.run: Name or service not known
ssh: Could not resolve hostname localhost.run: Name or service not known
ssh: Could not resolve hostname localhost.run: Name or service not known
ssh: Could not resolve hostname localhost.run: Name or service not known
ssh: Could not resolve hostname localhost.run: Name or service not known
ssh: Could not resolve hostname localhost.run: Name or service not known
ssh: Could not resolve hostname localhost.run: Name or service not known
ssh: Could not resolve hostname localhost.run: Name or service not known
ssh: Could not resolve hostname localhost.run: Name or service not known
ssh: Could not resolve hostname localhost.run: Name or service not known
ssh: Could not resolve hostname localhost.run: Name or service not known
ssh: Could not resolve hostname localhost.run: Name or service not known
ssh: Could not resolve hostname localhost.run: Name or service not known
** WARNING: connection is not using a post-quantum key exchange algorithm.
** This session may be vulnerable to "store now, decrypt later" attacks.
** The server may need to be upgraded. See https://openssh.com/pq.html

===============================================================================
Welcome to localhost.run!

Follow your favourite reverse tunnel at [https://twitter.com/localhost_run].

To set up and manage custom domains go to https://admin.localhost.run/

More details on custom domains (and how to enable subdomains of your custom
domain) at https://localhost.run/docs/custom-domains

If you get a permission denied error check the faq for how to connect with a key or
create a free tunnel without a key at [http://localhost:3000/docs/faq#generating-an-ssh-key].

To explore using localhost.run visit the documentation site:
https://localhost.run/docs/

===============================================================================

** your connection id is 8d6ac786-01e9-49f6-8d37-aa4fdba8ac66, please mention it if you send me a message about an issue. **

{"connection_id": "5d93cbea-8540-41dd-9ef2-ff893a48e1c1", "event": "authn", "message": "authenticated as anonymous user"}
{"connection_id": "5d93cbea-8540-41dd-9ef2-ff893a48e1c1", "event": "tcpip-forward", "message": "de8aa57b8efe24.lhr.life tunneled with tls termination, https://de8aa57b8efe24.lhr.life\ncreate an account and add your key for a longer lasting domain name. see https://localhost.run/docs/forever-free/ for more information.\nOpen your tunnel address on your mobile with this QR:\n\n\u001b[7m  \u001b[0m\u001b[7m  \u001b[0m\u001b[7m  \u001b[0m\u001b[7m  \u001b[0m\u001b[7m  \u001b[0m\u001b[7m  \u001b[0m\u001b[7m  \u001b[0m\u001b[7m  \u001b[0m\u001b[7m  \u001b[0m\u001b[7m  \u001b[0m\u001b[7m  \u001b[0m\u001b[7m  \u001b[0m\u001b[7m  \u001b[0m\u001b[7m  \u001b[0m\u001b[7m  \u001b[0m\u001b[7m  \u001b[0m\u001b[7m  \u001b[0m\u001b[7m  \u001b[0m\u001b[7m  \u001b[0m\u001b[7m  \u001b[0m\u001b[7m  \u001b[0m\u001b[7m  \u001b[0m\u001b[7m  \u001b[0m\u001b[7m  \u001b[0m\u001b[7m  \u001b[0m\u001b[7m  \u001b[0m\u001b[7m  \u001b[0m\n\u001b[7m  \u001b[0m\u001b[49m  \u001b[0m\u001b[49m  \u001b[0m\u001b[49m  \u001b[0m\u001b[49m  \u001b[0m\u001b[49m  \u001b[0m\u001b[49m  \u001b[0m\u001b[49m  \u001b[0m\u001b[7m  \u001b[0m\u001b[49m  \u001b[0m\u001b[49m  \u001b[0m\u001b[7m  \u001b[0m\u001b[7m  \u001b[0m\u001b[7m  \u001b[0m\u001b[49m  \u001b[0m\u001b[49m  \u001b[0m\u001b[49m  \u001b[0m\u001b[7m  \u001b[0m\u001b[7m  \u001b[0m\u001b[49m  \u001b[0m\u001b[49m  \u001b[0m\u001b[49m  \u001b[0m\u001b[49m  \u001b[0m\u001b[49m  \u001b[0m\u001b[49m  \u001b[0m\u001b[49m  \u001b[0m\u001b[7m  \u001b[0m\n\u001b[7m  \u001b[0m\u001b[49m  \u001b[0m\u001b[7m  \u001b[0m\u001b[7m  \u001b[0m\u001b[7m  \u001b[0m\u001b[7m  \u001b[0m\u001b[7m  \u001b[0m\u001b[49m  \u001b[0m\u001b[7m  \u001b[0m\u001b[7m  \u001b[0m\u001b[7m  \u001b[0m\u001b[7m  \u001b[0m\u001b[7m  \u001b[0m\u001b[7m  \u001b[0m\u001b[7m  \u001b[0m\u001b[49m  \u001b[0m\u001b[7m  \u001b[0m\u001b[49m  \u001b[0m\u001b[7m  \u001b[0m\u001b[49m  \u001b[0m\u001b[7m  \u001b[0m\u001b[7m  \u001b[0m\u001b[7m  \u001b[0m\u001b[7m  \u001b[0m\u001b[7m  \u001b[0m\u001b[49m  \u001b[0m\u001b[7m  \u001b[0m\n\u001b[7m  \u001b[0m\u001b[49m  \u001b[0m\u001b[7m  \u001b[0m\u001b[49m  \u001b[0m\u001b[49m  \u001b[0m\u001b[49m  \u001b[0m\u001b[7m  \u001b[0m\u001b[49m  \u001b[0m\u001b[7m  \u001b[0m\u001b[49m  \u001b[0m\u001b[7m  \u001b[0m\u001b[7m  \u001b[0m\u001b[49m  \u001b[0m\u001b[49m  \u001b[0m\u001b[7m  \u001b[0m\u001b[7m  \u001b[0m\u001b[49m  \u001b[0m\u001b[49m  \u001b[0m\u001b[7m  \u001b[0m\u001b[49m  \u001b[0m\u001b[7m  \u001b[0m\u001b[49m  \u001b[0m\u001b[49m  \u001b[0m\u001b[49m  \u001b[0m\u001b[7m  \u001b[0m\u001b[49m  \u001b[0m\u001b[7m  \u001b[0m\n\u001b[7m  \u001b[0m\u001b[49m  \u001b[0m\u001b[7m  \u001b[0m\u001b[49m  \u001b[0m\u001b[49m  \u001b[0m\u001b[49m  \u001b[0m\u001b[7m  \u001b[0m\u001b[49m  \u001b[0m\u001b[7m  \u001b[0m\u001b[49m  \u001b[0m\u001b[49m  \u001b[0m\u001b[7m  \u001b[0m\u001b[49m  \u001b[0m\u001b[7m  \u001b[0m\u001b[49m  \u001b[0m\u001b[49m  \u001b[0m\u001b[7m  \u001b[0m\u001b[49m  \u001b[0m\u001b[7m  \u001b[0m\u001b[49m  \u001b[0m\u001b[7m  \u001b[0m\u001b[49m  \u001b[0m\u001b[49m  \u001b[0m\u001b[49m  \u001b[0m\u001b[7m  \u001b[0m\u001b[49m  \u001b[0m\u001b[7m  \u001b[0m\n\u001b[7m  \u001b[0m\u001b[49m  \u001b[0m\u001b[7m  \u001b[0m\u001b[49m  \u001b[0m\u001b[49m  \u001b[0m\u001b[49m  \u001b[0m\u001b[7m  \u001b[0m\u001b[49m  \u001b[0m\u001b[7m  \u001b[0m\u001b[49m  \u001b[0m\u001b[49m  \u001b[0m\u001b[49m  \u001b[0m\u001b[49m  \u001b[0m\u001b[7m  \u001b[0m\u001b[49m  \u001b[0m\u001b[49m  \u001b[0m\u001b[49m  \u001b[0m\u001b[7m  \u001b[0m\u001b[7m  \u001b[0m\u001b[49m  \u001b[0m\u001b[7m  \u001b[0m\u001b[49m  \u001b[0m\u001b[49m  \u001b[0m\u001b[49m  \u001b[0m\u001b[7m  \u001b[0m\u001b[49m  \u001b[0m\u001b[7m  \u001b[0m\n\u001b[7m  \u001b[0m\u001b[49m  \u001b[0m\u001b[7m  \u001b[0m\u001b[7m  \u001b[0m\u001b[7m  \u001b[0m\u001b[7m  \u001b[0m\u001b[7m  \u001b[0m\u001b[49m  \u001b[0m\u001b[7m  \u001b[0m\u001b[7m  \u001b[0m\u001b[49m  \u001b[0m\u001b[7m  \u001b[0m\u001b[7m  \u001b[0m\u001b[49m  \u001b[0m\u001b[7m  \u001b[0m\u001b[49m  \u001b[0m\u001b[49m  \u001b[0m\u001b[7m  \u001b[0m\u001b[7m  \u001b[0m\u001b[49m  \u001b[0m\u001b[7m  \u001b[0m\u001b[7m  \u001b[0m\u001b[7m  \u001b[0m\u001b[7m  \u001b[0m\u001b[7m  \u001b[0m\u001b[49m  \u001b[0m\u001b[7m  \u001b[0m\n\u001b[7m  \u001b[0m\u001b[49m  \u001b[0m\u001b[49m  \u001b[0m\u001b[49m  \u001b[0m\u001b[49m  \u001b[0m\u001b[49m  \u001b[0m\u001b[49m  \u001b[0m\u001b[49m  \u001b[0m\u001b[7m  \u001b[0m\u001b[49m  \u001b[0m\u001b[7m  \u001b[0m\u001b[49m  \u001b[0m\u001b[7m  \u001b[0m\u001b[49m  \u001b[0m\u001b[7m  \u001b[0m\u001b[49m  \u001b[0m\u001b[7m  \u001b[0m\u001b[49m  \u001b[0m\u001b[7m  \u001b[0m\u001b[49m  \u001b[0m\u001b[49m  \u001b[0m\u001b[49m  \u001b[0m\u001b[49m  \u001b[0m\u001b[49m  \u001b[0m\u001b[49m  \u001b[0m\u001b[49m  \u001b[0m\u001b[7m  \u001b[0m\n\u001b[7m  \u001b[0m\u001b[7m  \u001b[0m\u001b[7m  \u001b[0m\u001b[7m  \u001b[0m\u001b[7m  \u001b[0m\u001b[7m  \u001b[0m\u001b[7m  \u001b[0m\u001b[7m  \u001b[0m\u001b[7m  \u001b[0m\u001b[7m  \u001b[0m\u001b[49m  \u001b[0m\u001b[7m  \u001b[0m\u001b[49m  \u001b[0m\u001b[7m  \u001b[0m\u001b[49m  \u001b[0m\u001b[49m  \u001b[0m\u001b[49m  \u001b[0m\u001b[7m  \u001b[0m\u001b[7m  \u001b[0m\u001b[7m  \u001b[0m\u001b[7m  \u001b[0m\u001b[7m  \u001b[0m\u001b[7m  \u001b[0m\u001b[7m  \u001b[0m\u001b[7m  \u001b[0m\u001b[7m  \u001b[0m\u001b[7m  \u001b[0m\n\u001b[7m  \u001b[0m\u001b[49m  \u001b[0m\u001b[49m  \u001b[0m\u001b[49m  \u001b[0m\u001b[49m  \u001b[0m\u001b[7m  \u001b[0m\u001b[7m  \u001b[0m\u001b[49m  \u001b[0m\u001b[7m  \u001b[0m\u001b[49m  \u001b[0m\u001b[7m  \u001b[0m\u001b[7m  \u001b[0m\u001b[7m  \u001b[0m\u001b[7m  \u001b[0m\u001b[7m  \u001b[0m\u001b[49m  \u001b[0m\u001b[49m  \u001b[0m\u001b[7m  \u001b[0m\u001b[49m  \u001b[0m\u001b[7m  \u001b[0m\u001b[7m  \u001b[0m\u001b[49m  \u001b[0m\u001b[49m  \u001b[0m\u001b[49m  \u001b[0m\u001b[7m  \u001b[0m\u001b[49m  \u001b[0m\u001b[7m  \u001b[0m\n\u001b[7m  \u001b[0m\u001b[7m  \u001b[0m\u001b[49m  \u001b[0m\u001b[49m  \u001b[0m\u001b[49m  \u001b[0m\u001b[49m  \u001b[0m\u001b[49m  \u001b[0m\u001b[7m  \u001b[0m\u001b[49m  \u001b[0m\u001b[49m  \u001b[0m\u001b[49m  \u001b[0m\u001b[7m  \u001b[0m\u001b[7m  \u001b[0m\u001b[7m  \u001b[0m\u001b[49m  \u001b[0m\u001b[7m  \u001b[0m\u001b[7m  \u001b[0m\u001b[7m  \u001b[0m\u001b[49m  \u001b[0m\u001b[49m  \u001b[0m\u001b[7m  \u001b[0m\u001b[7m  \u001b[0m\u001b[7m  \u001b[0m\u001b[7m  \u001b[0m\u001b[7m  \u001b[0m\u001b[7m  \u001b[0m\u001b[7m  \u001b[0m\n\u001b[7m  \u001b[0m\u001b[49m  \u001b[0m\u001b[7m  \u001b[0m\u001b[7m  \u001b[0m\u001b[7m  \u001b[0m\u001b[7m  \u001b[0m\u001b[7m  \u001b[0m\u001b[49m  \u001b[0m\u001b[49m  \u001b[0m\u001b[7m  \u001b[0m\u001b[7m  \u001b[0m\u001b[7m  \u001b[0m\u001b[7m  \u001b[0m\u001b[7m  \u001b[0m\u001b[7m  \u001b[0m\u001b[7m  \u001b[0m\u001b[49m  \u001b[0m\u001b[49m  \u001b[0m\u001b[7m  \u001b[0m\u001b[49m  \u001b[0m\u001b[49m  \u001b[0m\u001b[7m  \u001b[0m\u001b[49m  \u001b[0m\u001b[7m  \u001b[0m\u001b[7m  \u001b[0m\u001b[7m  \u001b[0m\u001b[7m  \u001b[0m\n\u001b[7m  \u001b[0m\u001b[49m  \u001b[0m\u001b[49m  \u001b[0m\u001b[7m  \u001b[0m\u001b[49m  \u001b[0m\u001b[7m  \u001b[0m\u001b[7m  \u001b[0m\u001b[7m  \u001b[0m\u001b[7m  \u001b[0m\u001b[7m  \u001b[0m\u001b[7m  \u001b[0m\u001b[7m  \u001b[0m\u001b[49m  \u001b[0m\u001b[49m  \u001b[0m\u001b[7m  \u001b[0m\u001b[7m  \u001b[0m\u001b[49m  \u001b[0m\u001b[7m  \u001b[0m\u001b[7m  \u001b[0m\u001b[7m  \u001b[0m\u001b[7m  \u001b[0m\u001b[7m  \u001b[0m\u001b[49m  \u001b[0m\u001b[49m  \u001b[0m\u001b[7m  \u001b[0m\u001b[49m  \u001b[0m\u001b[7m  \u001b[0m\n\u001b[7m  \u001b[0m\u001b[7m  \u001b[0m\u001b[7m  \u001b[0m\u001b[49m  \u001b[0m\u001b[49m  \u001b[0m\u001b[7m  \u001b[0m\u001b[7m  \u001b[0m\u001b[49m  \u001b[0m\u001b[49m  \u001b[0m\u001b[7m  \u001b[0m\u001b[49m  \u001b[0m\u001b[7m  \u001b[0m\u001b[49m  \u001b[0m\u001b[7m  \u001b[0m\u001b[49m  \u001b[0m\u001b[49m  \u001b[0m\u001b[49m  \u001b[0m\u001b[49m  \u001b[0m\u001b[7m  \u001b[0m\u001b[7m  \u001b[0m\u001b[7m  \u001b[0m\u001b[7m  \u001b[0m\u001b[49m  \u001b[0m\u001b[7m  \u001b[0m\u001b[7m  \u001b[0m\u001b[7m  \u001b[0m\u001b[7m  \u001b[0m\n\u001b[7m  \u001b[0m\u001b[7m  \u001b[0m\u001b[7m  \u001b[0m\u001b[49m  \u001b[0m\u001b[49m  \u001b[0m\u001b[7m  \u001b[0m\u001b[7m  \u001b[0m\u001b[7m  \u001b[0m\u001b[49m  \u001b[0m\u001b[49m  \u001b[0m\u001b[49m  \u001b[0m\u001b[49m  \u001b[0m\u001b[49m  \u001b[0m\u001b[7m  \u001b[0m\u001b[7m  \u001b[0m\u001b[49m  \u001b[0m\u001b[7m  \u001b[0m\u001b[7m  \u001b[0m\u001b[49m  \u001b[0m\u001b[49m  \u001b[0m\u001b[49m  \u001b[0m\u001b[49m  \u001b[0m\u001b[49m  \u001b[0m\u001b[7m  \u001b[0m\u001b[49m  \u001b[0m\u001b[49m  \u001b[0m\u001b[7m  \u001b[0m\n\u001b[7m  \u001b[0m\u001b[7m  \u001b[0m\u001b[49m  \u001b[0m\u001b[7m  \u001b[0m\u001b[7m  \u001b[0m\u001b[49m  \u001b[0m\u001b[7m  \u001b[0m\u001b[49m  \u001b[0m\u001b[49m  \u001b[0m\u001b[7m  \u001b[0m\u001b[7m  \u001b[0m\u001b[49m  \u001b[0m\u001b[7m  \u001b[0m\u001b[49m  \u001b[0m\u001b[49m  \u001b[0m\u001b[49m  \u001b[0m\u001b[7m  \u001b[0m\u001b[49m  \u001b[0m\u001b[7m  \u001b[0m\u001b[7m  \u001b[0m\u001b[49m  \u001b[0m\u001b[49m  \u001b[0m\u001b[7m  \u001b[0m\u001b[7m  \u001b[0m\u001b[7m  \u001b[0m\u001b[49m  \u001b[0m\u001b[7m  \u001b[0m\n\u001b[7m  \u001b[0m\u001b[49m  \u001b[0m\u001b[7m  \u001b[0m\u001b[7m  \u001b[0m\u001b[49m  \u001b[0m\u001b[49m  \u001b[0m\u001b[49m  \u001b[0m\u001b[7m  \u001b[0m\u001b[49m  \u001b[0m\u001b[49m  \u001b[0m\u001b[49m  \u001b[0m\u001b[49m  \u001b[0m\u001b[7m  \u001b[0m\u001b[49m  \u001b[0m\u001b[49m  \u001b[0m\u001b[7m  \u001b[0m\u001b[7m  \u001b[0m\u001b[7m  \u001b[0m\u001b[49m  \u001b[0m\u001b[7m  \u001b[0m\u001b[49m  \u001b[0m\u001b[49m  \u001b[0m\u001b[49m  \u001b[0m\u001b[7m  \u001b[0m\u001b[49m  \u001b[0m\u001b[49m  \u001b[0m\u001b[7m  \u001b[0m\n\u001b[7m  \u001b[0m\u001b[7m  \u001b[0m\u001b[7m  \u001b[0m\u001b[49m  \u001b[0m\u001b[7m  \u001b[0m\u001b[49m  \u001b[0m\u001b[7m  \u001b[0m\u001b[49m  \u001b[0m\u001b[7m  \u001b[0m\u001b[49m  \u001b[0m\u001b[7m  \u001b[0m\u001b[49m  \u001b[0m\u001b[49m  \u001b[0m\u001b[7m  \u001b[0m\u001b[49m  \u001b[0m\u001b[7m  \u001b[0m\u001b[7m  \u001b[0m\u001b[49m  \u001b[0m\u001b[49m  \u001b[0m\u001b[49m  \u001b[0m\u001b[49m  \u001b[0m\u001b[49m  \u001b[0m\u001b[49m  \u001b[0m\u001b[49m  \u001b[0m\u001b[49m  \u001b[0m\u001b[7m  \u001b[0m\u001b[7m  \u001b[0m\n\u001b[7m  \u001b[0m\u001b[7m  \u001b[0m\u001b[7m  \u001b[0m\u001b[7m  \u001b[0m\u001b[7m  \u001b[0m\u001b[7m  \u001b[0m\u001b[7m  \u001b[0m\u001b[7m  \u001b[0m\u001b[7m  \u001b[0m\u001b[49m  \u001b[0m\u001b[7m  \u001b[0m\u001b[49m  \u001b[0m\u001b[7m  \u001b[0m\u001b[49m  \u001b[0m\u001b[49m  \u001b[0m\u001b[7m  \u001b[0m\u001b[7m  \u001b[0m\u001b[49m  \u001b[0m\u001b[7m  \u001b[0m\u001b[7m  \u001b[0m\u001b[7m  \u001b[0m\u001b[49m  \u001b[0m\u001b[49m  \u001b[0m\u001b[7m  \u001b[0m\u001b[49m  \u001b[0m\u001b[49m  \u001b[0m\u001b[7m  \u001b[0m\n\u001b[7m  \u001b[0m\u001b[49m  \u001b[0m\u001b[49m  \u001b[0m\u001b[49m  \u001b[0m\u001b[49m  \u001b[0m\u001b[49m  \u001b[0m\u001b[49m  \u001b[0m\u001b[49m  \u001b[0m\u001b[7m  \u001b[0m\u001b[7m  \u001b[0m\u001b[49m  \u001b[0m\u001b[49m  \u001b[0m\u001b[49m  \u001b[0m\u001b[49m  \u001b[0m\u001b[7m  \u001b[0m\u001b[7m  \u001b[0m\u001b[7m  \u001b[0m\u001b[49m  \u001b[0m\u001b[7m  \u001b[0m\u001b[49m  \u001b[0m\u001b[7m  \u001b[0m\u001b[49m  \u001b[0m\u001b[7m  \u001b[0m\u001b[7m  \u001b[0m\u001b[7m  \u001b[0m\u001b[7m  \u001b[0m\u001b[7m  \u001b[0m\n\u001b[7m  \u001b[0m\u001b[49m  \u001b[0m\u001b[7m  \u001b[0m\u001b[7m  \u001b[0m\u001b[7m  \u001b[0m\u001b[7m  \u001b[0m\u001b[7m  \u001b[0m\u001b[49m  \u001b[0m\u001b[7m  \u001b[0m\u001b[7m  \u001b[0m\u001b[7m  \u001b[0m\u001b[49m  \u001b[0m\u001b[7m  \u001b[0m\u001b[49m  \u001b[0m\u001b[7m  \u001b[0m\u001b[49m  \u001b[0m\u001b[49m  \u001b[0m\u001b[49m  \u001b[0m\u001b[7m  \u001b[0m\u001b[7m  \u001b[0m\u001b[7m  \u001b[0m\u001b[49m  \u001b[0m\u001b[49m  \u001b[0m\u001b[49m  \u001b[0m\u001b[7m  \u001b[0m\u001b[49m  \u001b[0m\u001b[7m  \u001b[0m\n\u001b[7m  \u001b[0m\u001b[49m  \u001b[0m\u001b[7m  \u001b[0m\u001b[49m  \u001b[0m\u001b[49m  \u001b[0m\u001b[49m  \u001b[0m\u001b[7m  \u001b[0m\u001b[49m  \u001b[0m\u001b[7m  \u001b[0m\u001b[7m  \u001b[0m\u001b[49m  \u001b[0m\u001b[7m  \u001b[0m\u001b[49m  \u001b[0m\u001b[49m  \u001b[0m\u001b[49m  \u001b[0m\u001b[7m  \u001b[0m\u001b[7m  \u001b[0m\u001b[49m  \u001b[0m\u001b[49m  \u001b[0m\u001b[49m  \u001b[0m\u001b[49m  \u001b[0m\u001b[49m  \u001b[0m\u001b[49m  \u001b[0m\u001b[49m  \u001b[0m\u001b[49m  \u001b[0m\u001b[49m  \u001b[0m\u001b[7m  \u001b[0m\n\u001b[7m  \u001b[0m\u001b[49m  \u001b[0m\u001b[7m  \u001b[0m\u001b[49m  \u001b[0m\u001b[49m  \u001b[0m\u001b[49m  \u001b[0m\u001b[7m  \u001b[0m\u001b[49m  \u001b[0m\u001b[7m  \u001b[0m\u001b[49m  \u001b[0m\u001b[49m  \u001b[0m\u001b[7m  \u001b[0m\u001b[7m  \u001b[0m\u001b[49m  \u001b[0m\u001b[49m  \u001b[0m\u001b[7m  \u001b[0m\u001b[7m  \u001b[0m\u001b[7m  \u001b[0m\u001b[7m  \u001b[0m\u001b[49m  \u001b[0m\u001b[7m  \u001b[0m\u001b[49m  \u001b[0m\u001b[49m  \u001b[0m\u001b[7m  \u001b[0m\u001b[7m  \u001b[0m\u001b[49m  \u001b[0m\u001b[7m  \u001b[0m\n\u001b[7m  \u001b[0m\u001b[49m  \u001b[0m\u001b[7m  \u001b[0m\u001b[49m  \u001b[0m\u001b[49m  \u001b[0m\u001b[49m  \u001b[0m\u001b[7m  \u001b[0m\u001b[49m  \u001b[0m\u001b[7m  \u001b[0m\u001b[49m  \u001b[0m\u001b[49m  \u001b[0m\u001b[49m  \u001b[0m\u001b[49m  \u001b[0m\u001b[49m  \u001b[0m\u001b[49m  \u001b[0m\u001b[7m  \u001b[0m\u001b[49m  \u001b[0m\u001b[7m  \u001b[0m\u001b[7m  \u001b[0m\u001b[7m  \u001b[0m\u001b[7m  \u001b[0m\u001b[49m  \u001b[0m\u001b[7m  \u001b[0m\u001b[49m  \u001b[0m\u001b[49m  \u001b[0m\u001b[7m  \u001b[0m\u001b[7m  \u001b[0m\n\u001b[7m  \u001b[0m\u001b[49m  \u001b[0m\u001b[7m  \u001b[0m\u001b[7m  \u001b[0m\u001b[7m  \u001b[0m\u001b[7m  \u001b[0m\u001b[7m  \u001b[0m\u001b[49m  \u001b[0m\u001b[7m  \u001b[0m\u001b[49m  \u001b[0m\u001b[7m  \u001b[0m\u001b[7m  \u001b[0m\u001b[7m  \u001b[0m\u001b[7m  \u001b[0m\u001b[7m  \u001b[0m\u001b[7m  \u001b[0m\u001b[7m  \u001b[0m\u001b[7m  \u001b[0m\u001b[49m  \u001b[0m\u001b[7m  \u001b[0m\u001b[7m  \u001b[0m\u001b[49m  \u001b[0m\u001b[49m  \u001b[0m\u001b[49m  \u001b[0m\u001b[7m  \u001b[0m\u001b[49m  \u001b[0m\u001b[7m  \u001b[0m\n\u001b[7m  \u001b[0m\u001b[49m  \u001b[0m\u001b[49m  \u001b[0m\u001b[49m  \u001b[0m\u001b[49m  \u001b[0m\u001b[49m  \u001b[0m\u001b[49m  \u001b[0m\u001b[49m  \u001b[0m\u001b[7m  \u001b[0m\u001b[49m  \u001b[0m\u001b[49m  \u001b[0m\u001b[49m  \u001b[0m\u001b[7m  \u001b[0m\u001b[49m  \u001b[0m\u001b[7m  \u001b[0m\u001b[49m  \u001b[0m\u001b[7m  \u001b[0m\u001b[7m  \u001b[0m\u001b[49m  \u001b[0m\u001b[7m  \u001b[0m\u001b[49m  \u001b[0m\u001b[7m  \u001b[0m\u001b[7m  \u001b[0m\u001b[7m  \u001b[0m\u001b[7m  \u001b[0m\u001b[49m  \u001b[0m\u001b[7m  \u001b[0m\n\u001b[7m  \u001b[0m\u001b[7m  \u001b[0m\u001b[7m  \u001b[0m\u001b[7m  \u001b[0m\u001b[7m  \u001b[0m\u001b[7m  \u001b[0m\u001b[7m  \u001b[0m\u001b[7m  \u001b[0m\u001b[7m  \u001b[0m\u001b[7m  \u001b[0m\u001b[7m  \u001b[0m\u001b[7m  \u001b[0m\u001b[7m  \u001b[0m\u001b[7m  \u001b[0m\u001b[7m  \u001b[0m\u001b[7m  \u001b[0m\u001b[7m  \u001b[0m\u001b[7m  \u001b[0m\u001b[7m  \u001b[0m\u001b[7m  \u001b[0m\u001b[7m  \u001b[0m\u001b[7m  \u001b[0m\u001b[7m  \u001b[0m\u001b[7m  \u001b[0m\u001b[7m  \u001b[0m\u001b[7m  \u001b[0m\u001b[7m  \u001b[0m\n", "tls_termination": true, "requested_host": "localhost", "requested_port": 80, "address": "de8aa57b8efe24.lhr.life", "listen_host": "de8aa57b8efe24.lhr.life", "listen_port": 80, "type": "opened", "status": "success", "authz_code": "OK"}
{"connection_id": "5d93cbea-8540-41dd-9ef2-ff893a48e1c1", "event": "tcpip-forward", "message": "02545111e67828.lhr.life tunneled with tls termination, https://02545111e67828.lhr.life\ncreate an account and add your key for a longer lasting domain name. see https://localhost.run/docs/forever-free/ for more information.\nOpen your tunnel address on your mobile with this QR:\n\n\u001b[7m  \u001b[0m\u001b[7m  \u001b[0m\u001b[7m  \u001b[0m\u001b[7m  \u001b[0m\u001b[7m  \u001b[0m\u001b[7m  \u001b[0m\u001b[7m  \u001b[0m\u001b[7m  \u001b[0m\u001b[7m  \u001b[0m\u001b[7m  \u001b[0m\u001b[7m  \u001b[0m\u001b[7m  \u001b[0m\u001b[7m  \u001b[0m\u001b[7m  \u001b[0m\u001b[7m  \u001b[0m\u001b[7m  \u001b[0m\u001b[7m  \u001b[0m\u001b[7m  \u001b[0m\u001b[7m  \u001b[0m\u001b[7m  \u001b[0m\u001b[7m  \u001b[0m\u001b[7m  \u001b[0m\u001b[7m  \u001b[0m\u001b[7m  \u001b[0m\u001b[7m  \u001b[0m\u001b[7m  \u001b[0m\u001b[7m  \u001b[0m\n\u001b[7m  \u001b[0m\u001b[49m  \u001b[0m\u001b[49m  \u001b[0m\u001b[49m  \u001b[0m\u001b[49m  \u001b[0m\u001b[49m  \u001b[0m\u001b[49m  \u001b[0m\u001b[49m  \u001b[0m\u001b[7m  \u001b[0m\u001b[7m  \u001b[0m\u001b[7m  \u001b[0m\u001b[49m  \u001b[0m\u001b[7m  \u001b[0m\u001b[7m  \u001b[0m\u001b[49m  \u001b[0m\u001b[7m  \u001b[0m\u001b[7m  \u001b[0m\u001b[49m  \u001b[0m\u001b[7m  \u001b[0m\u001b[49m  \u001b[0m\u001b[49m  \u001b[0m\u001b[49m  \u001b[0m\u001b[49m  \u001b[0m\u001b[49m  \u001b[0m\u001b[49m  \u001b[0m\u001b[49m  \u001b[0m\u001b[7m  \u001b[0m\n\u001b[7m  \u001b[0m\u001b[49m  \u001b[0m\u001b[7m  \u001b[0m\u001b[7m  \u001b[0m\u001b[7m  \u001b[0m\u001b[7m  \u001b[0m\u001b[7m  \u001b[0m\u001b[49m  \u001b[0m\u001b[7m  \u001b[0m\u001b[49m  \u001b[0m\u001b[49m  \u001b[0m\u001b[49m  \u001b[0m\u001b[7m  \u001b[0m\u001b[7m  \u001b[0m\u001b[7m  \u001b[0m\u001b[7m  \u001b[0m\u001b[49m  \u001b[0m\u001b[7m  \u001b[0m\u001b[7m  \u001b[0m\u001b[49m  \u001b[0m\u001b[7m  \u001b[0m\u001b[7m  \u001b[0m\u001b[7m  \u001b[0m\u001b[7m  \u001b[0m\u001b[7m  \u001b[0m\u001b[49m  \u001b[0m\u001b[7m  \u001b[0m\n\u001b[7m  \u001b[0m\u001b[49m  \u001b[0m\u001b[7m  \u001b[0m\u001b[49m  \u001b[0m\u001b[49m  \u001b[0m\u001b[49m  \u001b[0m\u001b[7m  \u001b[0m\u001b[49m  \u001b[0m\u001b[7m  \u001b[0m\u001b[49m  \u001b[0m\u001b[7m  \u001b[0m\u001b[7m  \u001b[0m\u001b[7m  \u001b[0m\u001b[7m  \u001b[0m\u001b[49m  \u001b[0m\u001b[7m  \u001b[0m\u001b[49m  \u001b[0m\u001b[49m  \u001b[0m\u001b[7m  \u001b[0m\u001b[49m  \u001b[0m\u001b[7m  \u001b[0m\u001b[49m  \u001b[0m\u001b[49m  \u001b[0m\u001b[49m  \u001b[0m\u001b[7m  \u001b[0m\u001b[49m  \u001b[0m\u001b[7m  \u001b[0m\n\u001b[7m  \u001b[0m\u001b[49m  \u001b[0m\u001b[7m  \u001b[0m\u001b[49m  \u001b[0m\u001b[49m  \u001b[0m\u001b[49m  \u001b[0m\u001b[7m  \u001b[0m\u001b[49m  \u001b[0m\u001b[7m  \u001b[0m\u001b[7m  \u001b[0m\u001b[49m  \u001b[0m\u001b[7m  \u001b[0m\u001b[7m  \u001b[0m\u001b[49m  \u001b[0m\u001b[7m  \u001b[0m\u001b[49m  \u001b[0m\u001b[7m  \u001b[0m\u001b[49m  \u001b[0m\u001b[7m  \u001b[0m\u001b[49m  \u001b[0m\u001b[7m  \u001b[0m\u001b[49m  \u001b[0m\u001b[49m  \u001b[0m\u001b[49m  \u001b[0m\u001b[7m  \u001b[0m\u001b[49m  \u001b[0m\u001b[7m  \u001b[0m\n\u001b[7m  \u001b[0m\u001b[49m  \u001b[0m\u001b[7m  \u001b[0m\u001b[49m  \u001b[0m\u001b[49m  \u001b[0m\u001b[49m  \u001b[0m\u001b[7m  \u001b[0m\u001b[49m  \u001b[0m\u001b[7m  \u001b[0m\u001b[49m  \u001b[0m\u001b[49m  \u001b[0m\u001b[49m  \u001b[0m\u001b[7m  \u001b[0m\u001b[49m  \u001b[0m\u001b[7m  \u001b[0m\u001b[49m  \u001b[0m\u001b[49m  \u001b[0m\u001b[7m  \u001b[0m\u001b[7m  \u001b[0m\u001b[49m  \u001b[0m\u001b[7m  \u001b[0m\u001b[49m  \u001b[0m\u001b[49m  \u001b[0m\u001b[49m  \u001b[0m\u001b[7m  \u001b[0m\u001b[49m  \u001b[0m\u001b[7m  \u001b[0m\n\u001b[7m  \u001b[0m\u001b[49m  \u001b[0m\u001b[7m  \u001b[0m\u001b[7m  \u001b[0m\u001b[7m  \u001b[0m\u001b[7m  \u001b[0m\u001b[7m  \u001b[0m\u001b[49m  \u001b[0m\u001b[7m  \u001b[0m\u001b[49m  \u001b[0m\u001b[7m  \u001b[0m\u001b[49m  \u001b[0m\u001b[7m  \u001b[0m\u001b[49m  \u001b[0m\u001b[7m  \u001b[0m\u001b[7m  \u001b[0m\u001b[7m  \u001b[0m\u001b[49m  \u001b[0m\u001b[7m  \u001b[0m\u001b[49m  \u001b[0m\u001b[7m  \u001b[0m\u001b[7m  \u001b[0m\u001b[7m  \u001b[0m\u001b[7m  \u001b[0m\u001b[7m  \u001b[0m\u001b[49m  \u001b[0m\u001b[7m  \u001b[0m\n\u001b[7m  \u001b[0m\u001b[49m  \u001b[0m\u001b[49m  \u001b[0m\u001b[49m  \u001b[0m\u001b[49m  \u001b[0m\u001b[49m  \u001b[0m\u001b[49m  \u001b[0m\u001b[49m  \u001b[0m\u001b[7m  \u001b[0m\u001b[49m  \u001b[0m\u001b[7m  \u001b[0m\u001b[49m  \u001b[0m\u001b[7m  \u001b[0m\u001b[49m  \u001b[0m\u001b[7m  \u001b[0m\u001b[49m  \u001b[0m\u001b[7m  \u001b[0m\u001b[49m  \u001b[0m\u001b[7m  \u001b[0m\u001b[49m  \u001b[0m\u001b[49m  \u001b[0m\u001b[49m  \u001b[0m\u001b[49m  \u001b[0m\u001b[49m  \u001b[0m\u001b[49m  \u001b[0m\u001b[49m  \u001b[0m\u001b[7m  \u001b[0m\n\u001b[7m  \u001b[0m\u001b[7m  \u001b[0m\u001b[7m  \u001b[0m\u001b[7m  \u001b[0m\u001b[7m  \u001b[0m\u001b[7m  \u001b[0m\u001b[7m  \u001b[0m\u001b[7m  \u001b[0m\u001b[7m  \u001b[0m\u001b[49m  \u001b[0m\u001b[7m  \u001b[0m\u001b[49m  \u001b[0m\u001b[49m  \u001b[0m\u001b[7m  \u001b[0m\u001b[49m  \u001b[0m\u001b[7m  \u001b[0m\u001b[7m  \u001b[0m\u001b[49m  \u001b[0m\u001b[7m  \u001b[0m\u001b[7m  \u001b[0m\u001b[7m  \u001b[0m\u001b[7m  \u001b[0m\u001b[7m  \u001b[0m\u001b[7m  \u001b[0m\u001b[7m  \u001b[0m\u001b[7m  \u001b[0m\u001b[7m  \u001b[0m\n\u001b[7m  \u001b[0m\u001b[49m  \u001b[0m\u001b[49m  \u001b[0m\u001b[7m  \u001b[0m\u001b[49m  \u001b[0m\u001b[7m  \u001b[0m\u001b[7m  \u001b[0m\u001b[49m  \u001b[0m\u001b[49m  \u001b[0m\u001b[7m  \u001b[0m\u001b[7m  \u001b[0m\u001b[7m  \u001b[0m\u001b[49m  \u001b[0m\u001b[49m  \u001b[0m\u001b[49m  \u001b[0m\u001b[49m  \u001b[0m\u001b[49m  \u001b[0m\u001b[7m  \u001b[0m\u001b[7m  \u001b[0m\u001b[49m  \u001b[0m\u001b[49m  \u001b[0m\u001b[49m  \u001b[0m\u001b[7m  \u001b[0m\u001b[49m  \u001b[0m\u001b[49m  \u001b[0m\u001b[7m  \u001b[0m\u001b[7m  \u001b[0m\n\u001b[7m  \u001b[0m\u001b[49m  \u001b[0m\u001b[7m  \u001b[0m\u001b[7m  \u001b[0m\u001b[7m  \u001b[0m\u001b[7m  \u001b[0m\u001b[7m  \u001b[0m\u001b[7m  \u001b[0m\u001b[7m  \u001b[0m\u001b[7m  \u001b[0m\u001b[49m  \u001b[0m\u001b[7m  \u001b[0m\u001b[49m  \u001b[0m\u001b[49m  \u001b[0m\u001b[7m  \u001b[0m\u001b[7m  \u001b[0m\u001b[7m  \u001b[0m\u001b[7m  \u001b[0m\u001b[49m  \u001b[0m\u001b[7m  \u001b[0m\u001b[49m  \u001b[0m\u001b[49m  \u001b[0m\u001b[7m  \u001b[0m\u001b[7m  \u001b[0m\u001b[49m  \u001b[0m\u001b[49m  \u001b[0m\u001b[7m  \u001b[0m\n\u001b[7m  \u001b[0m\u001b[7m  \u001b[0m\u001b[49m  \u001b[0m\u001b[49m  \u001b[0m\u001b[7m  \u001b[0m\u001b[7m  \u001b[0m\u001b[7m  \u001b[0m\u001b[49m  \u001b[0m\u001b[49m  \u001b[0m\u001b[7m  \u001b[0m\u001b[7m  \u001b[0m\u001b[7m  \u001b[0m\u001b[49m  \u001b[0m\u001b[49m  \u001b[0m\u001b[49m  \u001b[0m\u001b[7m  \u001b[0m\u001b[49m  \u001b[0m\u001b[7m  \u001b[0m\u001b[7m  \u001b[0m\u001b[7m  \u001b[0m\u001b[7m  \u001b[0m\u001b[7m  \u001b[0m\u001b[49m  \u001b[0m\u001b[7m  \u001b[0m\u001b[49m  \u001b[0m\u001b[49m  \u001b[0m\u001b[7m  \u001b[0m\n\u001b[7m  \u001b[0m\u001b[49m  \u001b[0m\u001b[7m  \u001b[0m\u001b[49m  \u001b[0m\u001b[49m  \u001b[0m\u001b[49m  \u001b[0m\u001b[49m  \u001b[0m\u001b[7m  \u001b[0m\u001b[49m  \u001b[0m\u001b[49m  \u001b[0m\u001b[49m  \u001b[0m\u001b[49m  \u001b[0m\u001b[49m  \u001b[0m\u001b[49m  \u001b[0m\u001b[7m  \u001b[0m\u001b[49m  \u001b[0m\u001b[49m  \u001b[0m\u001b[7m  \u001b[0m\u001b[7m  \u001b[0m\u001b[7m  \u001b[0m\u001b[49m  \u001b[0m\u001b[49m  \u001b[0m\u001b[7m  \u001b[0m\u001b[7m  \u001b[0m\u001b[7m  \u001b[0m\u001b[49m  \u001b[0m\u001b[7m  \u001b[0m\n\u001b[7m  \u001b[0m\u001b[49m  \u001b[0m\u001b[49m  \u001b[0m\u001b[7m  \u001b[0m\u001b[49m  \u001b[0m\u001b[7m  \u001b[0m\u001b[7m  \u001b[0m\u001b[49m  \u001b[0m\u001b[7m  \u001b[0m\u001b[49m  \u001b[0m\u001b[7m  \u001b[0m\u001b[49m  \u001b[0m\u001b[49m  \u001b[0m\u001b[7m  \u001b[0m\u001b[49m  \u001b[0m\u001b[7m  \u001b[0m\u001b[49m  \u001b[0m\u001b[7m  \u001b[0m\u001b[7m  \u001b[0m\u001b[49m  \u001b[0m\u001b[7m  \u001b[0m\u001b[7m  \u001b[0m\u001b[7m  \u001b[0m\u001b[49m  \u001b[0m\u001b[7m  \u001b[0m\u001b[7m  \u001b[0m\u001b[7m  \u001b[0m\n\u001b[7m  \u001b[0m\u001b[7m  \u001b[0m\u001b[7m  \u001b[0m\u001b[49m  \u001b[0m\u001b[7m  \u001b[0m\u001b[7m  \u001b[0m\u001b[49m  \u001b[0m\u001b[7m  \u001b[0m\u001b[49m  \u001b[0m\u001b[49m  \u001b[0m\u001b[49m  \u001b[0m\u001b[7m  \u001b[0m\u001b[49m  \u001b[0m\u001b[7m  \u001b[0m\u001b[7m  \u001b[0m\u001b[7m  \u001b[0m\u001b[49m  \u001b[0m\u001b[49m  \u001b[0m\u001b[7m  \u001b[0m\u001b[7m  \u001b[0m\u001b[7m  \u001b[0m\u001b[49m  \u001b[0m\u001b[7m  \u001b[0m\u001b[49m  \u001b[0m\u001b[49m  \u001b[0m\u001b[49m  \u001b[0m\u001b[7m  \u001b[0m\n\u001b[7m  \u001b[0m\u001b[49m  \u001b[0m\u001b[7m  \u001b[0m\u001b[49m  \u001b[0m\u001b[7m  \u001b[0m\u001b[7m  \u001b[0m\u001b[49m  \u001b[0m\u001b[49m  \u001b[0m\u001b[49m  \u001b[0m\u001b[7m  \u001b[0m\u001b[49m  \u001b[0m\u001b[49m  \u001b[0m\u001b[49m  \u001b[0m\u001b[7m  \u001b[0m\u001b[7m  \u001b[0m\u001b[49m  \u001b[0m\u001b[7m  \u001b[0m\u001b[49m  \u001b[0m\u001b[7m  \u001b[0m\u001b[49m  \u001b[0m\u001b[7m  \u001b[0m\u001b[7m  \u001b[0m\u001b[7m  \u001b[0m\u001b[7m  \u001b[0m\u001b[49m  \u001b[0m\u001b[7m  \u001b[0m\u001b[7m  \u001b[0m\n\u001b[7m  \u001b[0m\u001b[7m  \u001b[0m\u001b[49m  \u001b[0m\u001b[7m  \u001b[0m\u001b[49m  \u001b[0m\u001b[7m  \u001b[0m\u001b[7m  \u001b[0m\u001b[7m  \u001b[0m\u001b[7m  \u001b[0m\u001b[7m  \u001b[0m\u001b[7m  \u001b[0m\u001b[49m  \u001b[0m\u001b[49m  \u001b[0m\u001b[7m  \u001b[0m\u001b[7m  \u001b[0m\u001b[7m  \u001b[0m\u001b[7m  \u001b[0m\u001b[49m  \u001b[0m\u001b[7m  \u001b[0m\u001b[49m  \u001b[0m\u001b[7m  \u001b[0m\u001b[49m  \u001b[0m\u001b[49m  \u001b[0m\u001b[7m  \u001b[0m\u001b[7m  \u001b[0m\u001b[7m  \u001b[0m\u001b[7m  \u001b[0m\n\u001b[7m  \u001b[0m\u001b[49m  \u001b[0m\u001b[49m  \u001b[0m\u001b[49m  \u001b[0m\u001b[7m  \u001b[0m\u001b[49m  \u001b[0m\u001b[7m  \u001b[0m\u001b[49m  \u001b[0m\u001b[7m  \u001b[0m\u001b[49m  \u001b[0m\u001b[49m  \u001b[0m\u001b[49m  \u001b[0m\u001b[7m  \u001b[0m\u001b[49m  \u001b[0m\u001b[7m  \u001b[0m\u001b[7m  \u001b[0m\u001b[7m  \u001b[0m\u001b[49m  \u001b[0m\u001b[49m  \u001b[0m\u001b[49m  \u001b[0m\u001b[49m  \u001b[0m\u001b[49m  \u001b[0m\u001b[49m  \u001b[0m\u001b[49m  \u001b[0m\u001b[7m  \u001b[0m\u001b[49m  \u001b[0m\u001b[7m  \u001b[0m\n\u001b[7m  \u001b[0m\u001b[7m  \u001b[0m\u001b[7m  \u001b[0m\u001b[7m  \u001b[0m\u001b[7m  \u001b[0m\u001b[7m  \u001b[0m\u001b[7m  \u001b[0m\u001b[7m  \u001b[0m\u001b[7m  \u001b[0m\u001b[49m  \u001b[0m\u001b[49m  \u001b[0m\u001b[49m  \u001b[0m\u001b[7m  \u001b[0m\u001b[49m  \u001b[0m\u001b[49m  \u001b[0m\u001b[49m  \u001b[0m\u001b[49m  \u001b[0m\u001b[49m  \u001b[0m\u001b[7m  \u001b[0m\u001b[7m  \u001b[0m\u001b[7m  \u001b[0m\u001b[49m  \u001b[0m\u001b[7m  \u001b[0m\u001b[49m  \u001b[0m\u001b[49m  \u001b[0m\u001b[49m  \u001b[0m\u001b[7m  \u001b[0m\n\u001b[7m  \u001b[0m\u001b[49m  \u001b[0m\u001b[49m  \u001b[0m\u001b[49m  \u001b[0m\u001b[49m  \u001b[0m\u001b[49m  \u001b[0m\u001b[49m  \u001b[0m\u001b[49m  \u001b[0m\u001b[7m  \u001b[0m\u001b[49m  \u001b[0m\u001b[49m  \u001b[0m\u001b[49m  \u001b[0m\u001b[49m  \u001b[0m\u001b[49m  \u001b[0m\u001b[7m  \u001b[0m\u001b[49m  \u001b[0m\u001b[7m  \u001b[0m\u001b[49m  \u001b[0m\u001b[7m  \u001b[0m\u001b[49m  \u001b[0m\u001b[7m  \u001b[0m\u001b[49m  \u001b[0m\u001b[49m  \u001b[0m\u001b[49m  \u001b[0m\u001b[7m  \u001b[0m\u001b[7m  \u001b[0m\u001b[7m  \u001b[0m\n\u001b[7m  \u001b[0m\u001b[49m  \u001b[0m\u001b[7m  \u001b[0m\u001b[7m  \u001b[0m\u001b[7m  \u001b[0m\u001b[7m  \u001b[0m\u001b[7m  \u001b[0m\u001b[49m  \u001b[0m\u001b[7m  \u001b[0m\u001b[7m  \u001b[0m\u001b[49m  \u001b[0m\u001b[49m  \u001b[0m\u001b[7m  \u001b[0m\u001b[49m  \u001b[0m\u001b[7m  \u001b[0m\u001b[7m  \u001b[0m\u001b[49m  \u001b[0m\u001b[49m  \u001b[0m\u001b[7m  \u001b[0m\u001b[7m  \u001b[0m\u001b[7m  \u001b[0m\u001b[49m  \u001b[0m\u001b[7m  \u001b[0m\u001b[7m  \u001b[0m\u001b[7m  \u001b[0m\u001b[49m  \u001b[0m\u001b[7m  \u001b[0m\n\u001b[7m  \u001b[0m\u001b[49m  \u001b[0m\u001b[7m  \u001b[0m\u001b[49m  \u001b[0m\u001b[49m  \u001b[0m\u001b[49m  \u001b[0m\u001b[7m  \u001b[0m\u001b[49m  \u001b[0m\u001b[7m  \u001b[0m\u001b[7m  \u001b[0m\u001b[49m  \u001b[0m\u001b[7m  \u001b[0m\u001b[7m  \u001b[0m\u001b[7m  \u001b[0m\u001b[7m  \u001b[0m\u001b[7m  \u001b[0m\u001b[49m  \u001b[0m\u001b[49m  \u001b[0m\u001b[49m  \u001b[0m\u001b[49m  \u001b[0m\u001b[49m  \u001b[0m\u001b[49m  \u001b[0m\u001b[49m  \u001b[0m\u001b[49m  \u001b[0m\u001b[7m  \u001b[0m\u001b[7m  \u001b[0m\u001b[7m  \u001b[0m\n\u001b[7m  \u001b[0m\u001b[49m  \u001b[0m\u001b[7m  \u001b[0m\u001b[49m  \u001b[0m\u001b[49m  \u001b[0m\u001b[49m  \u001b[0m\u001b[7m  \u001b[0m\u001b[49m  \u001b[0m\u001b[7m  \u001b[0m\u001b[49m  \u001b[0m\u001b[49m  \u001b[0m\u001b[7m  \u001b[0m\u001b[49m  \u001b[0m\u001b[7m  \u001b[0m\u001b[7m  \u001b[0m\u001b[7m  \u001b[0m\u001b[49m  \u001b[0m\u001b[49m  \u001b[0m\u001b[49m  \u001b[0m\u001b[7m  \u001b[0m\u001b[7m  \u001b[0m\u001b[7m  \u001b[0m\u001b[49m  \u001b[0m\u001b[7m  \u001b[0m\u001b[49m  \u001b[0m\u001b[7m  \u001b[0m\u001b[7m  \u001b[0m\n\u001b[7m  \u001b[0m\u001b[49m  \u001b[0m\u001b[7m  \u001b[0m\u001b[49m  \u001b[0m\u001b[49m  \u001b[0m\u001b[49m  \u001b[0m\u001b[7m  \u001b[0m\u001b[49m  \u001b[0m\u001b[7m  \u001b[0m\u001b[7m  \u001b[0m\u001b[49m  \u001b[0m\u001b[7m  \u001b[0m\u001b[7m  \u001b[0m\u001b[7m  \u001b[0m\u001b[7m  \u001b[0m\u001b[7m  \u001b[0m\u001b[7m  \u001b[0m\u001b[7m  \u001b[0m\u001b[7m  \u001b[0m\u001b[7m  \u001b[0m\u001b[49m  \u001b[0m\u001b[49m  \u001b[0m\u001b[7m  \u001b[0m\u001b[7m  \u001b[0m\u001b[7m  \u001b[0m\u001b[49m  \u001b[0m\u001b[7m  \u001b[0m\n\u001b[7m  \u001b[0m\u001b[49m  \u001b[0m\u001b[7m  \u001b[0m\u001b[7m  \u001b[0m\u001b[7m  \u001b[0m\u001b[7m  \u001b[0m\u001b[7m  \u001b[0m\u001b[49m  \u001b[0m\u001b[7m  \u001b[0m\u001b[49m  \u001b[0m\u001b[7m  \u001b[0m\u001b[49m  \u001b[0m\u001b[7m  \u001b[0m\u001b[7m  \u001b[0m\u001b[7m  \u001b[0m\u001b[49m  \u001b[0m\u001b[49m  \u001b[0m\u001b[7m  \u001b[0m\u001b[49m  \u001b[0m\u001b[7m  \u001b[0m\u001b[49m  \u001b[0m\u001b[7m  \u001b[0m\u001b[49m  \u001b[0m\u001b[7m  \u001b[0m\u001b[7m  \u001b[0m\u001b[49m  \u001b[0m\u001b[7m  \u001b[0m\n\u001b[7m  \u001b[0m\u001b[49m  \u001b[0m\u001b[49m  \u001b[0m\u001b[49m  \u001b[0m\u001b[49m  \u001b[0m\u001b[49m  \u001b[0m\u001b[49m  \u001b[0m\u001b[49m  \u001b[0m\u001b[7m  \u001b[0m\u001b[49m  \u001b[0m\u001b[49m  \u001b[0m\u001b[7m  \u001b[0m\u001b[7m  \u001b[0m\u001b[49m  \u001b[0m\u001b[7m  \u001b[0m\u001b[7m  \u001b[0m\u001b[49m  \u001b[0m\u001b[7m  \u001b[0m\u001b[49m  \u001b[0m\u001b[7m  \u001b[0m\u001b[7m  \u001b[0m\u001b[49m  \u001b[0m\u001b[7m  \u001b[0m\u001b[49m  \u001b[0m\u001b[7m  \u001b[0m\u001b[49m  \u001b[0m\u001b[7m  \u001b[0m\n\u001b[7m  \u001b[0m\u001b[7m  \u001b[0m\u001b[7m  \u001b[0m\u001b[7m  \u001b[0m\u001b[7m  \u001b[0m\u001b[7m  \u001b[0m\u001b[7m  \u001b[0m\u001b[7m  \u001b[0m\u001b[7m  \u001b[0m\u001b[7m  \u001b[0m\u001b[7m  \u001b[0m\u001b[7m  \u001b[0m\u001b[7m  \u001b[0m\u001b[7m  \u001b[0m\u001b[7m  \u001b[0m\u001b[7m  \u001b[0m\u001b[7m  \u001b[0m\u001b[7m  \u001b[0m\u001b[7m  \u001b[0m\u001b[7m  \u001b[0m\u001b[7m  \u001b[0m\u001b[7m  \u001b[0m\u001b[7m  \u001b[0m\u001b[7m  \u001b[0m\u001b[7m  \u001b[0m\u001b[7m  \u001b[0m\u001b[7m  \u001b[0m\n", "tls_termination": true, "requested_host": "localhost", "requested_port": 80, "address": "02545111e67828.lhr.life", "listen_host": "02545111e67828.lhr.life", "listen_port": 80, "type": "opened", "status": "success", "authz_code": "OK"}
{"connection_id": "5d93cbea-8540-41dd-9ef2-ff893a48e1c1", "event": "tcpip-forward", "message": "a9784d3a8ba0b0.lhr.life tunneled with tls termination, https://a9784d3a8ba0b0.lhr.life\ncreate an account and add your key for a longer lasting domain name. see https://localhost.run/docs/forever-free/ for more information.\nOpen your tunnel address on your mobile with this QR:\n\n\u001b[7m  \u001b[0m\u001b[7m  \u001b[0m\u001b[7m  \u001b[0m\u001b[7m  \u001b[0m\u001b[7m  \u001b[0m\u001b[7m  \u001b[0m\u001b[7m  \u001b[0m\u001b[7m  \u001b[0m\u001b[7m  \u001b[0m\u001b[7m  \u001b[0m\u001b[7m  \u001b[0m\u001b[7m  \u001b[0m\u001b[7m  \u001b[0m\u001b[7m  \u001b[0m\u001b[7m  \u001b[0m\u001b[7m  \u001b[0m\u001b[7m  \u001b[0m\u001b[7m  \u001b[0m\u001b[7m  \u001b[0m\u001b[7m  \u001b[0m\u001b[7m  \u001b[0m\u001b[7m  \u001b[0m\u001b[7m  \u001b[0m\u001b[7m  \u001b[0m\u001b[7m  \u001b[0m\u001b[7m  \u001b[0m\u001b[7m  \u001b[0m\n\u001b[7m  \u001b[0m\u001b[49m  \u001b[0m\u001b[49m  \u001b[0m\u001b[49m  \u001b[0m\u001b[49m  \u001b[0m\u001b[49m  \u001b[0m\u001b[49m  \u001b[0m\u001b[49m  \u001b[0m\u001b[7m  \u001b[0m\u001b[49m  \u001b[0m\u001b[49m  \u001b[0m\u001b[7m  \u001b[0m\u001b[7m  \u001b[0m\u001b[7m  \u001b[0m\u001b[49m  \u001b[0m\u001b[49m  \u001b[0m\u001b[49m  \u001b[0m\u001b[7m  \u001b[0m\u001b[7m  \u001b[0m\u001b[49m  \u001b[0m\u001b[49m  \u001b[0m\u001b[49m  \u001b[0m\u001b[49m  \u001b[0m\u001b[49m  \u001b[0m\u001b[49m  \u001b[0m\u001b[49m  \u001b[0m\u001b[7m  \u001b[0m\n\u001b[7m  \u001b[0m\u001b[49m  \u001b[0m\u001b[7m  \u001b[0m\u001b[7m  \u001b[0m\u001b[7m  \u001b[0m\u001b[7m  \u001b[0m\u001b[7m  \u001b[0m\u001b[49m  \u001b[0m\u001b[7m  \u001b[0m\u001b[7m  \u001b[0m\u001b[7m  \u001b[0m\u001b[7m  \u001b[0m\u001b[7m  \u001b[0m\u001b[7m  \u001b[0m\u001b[7m  \u001b[0m\u001b[49m  \u001b[0m\u001b[7m  \u001b[0m\u001b[49m  \u001b[0m\u001b[7m  \u001b[0m\u001b[49m  \u001b[0m\u001b[7m  \u001b[0m\u001b[7m  \u001b[0m\u001b[7m  \u001b[0m\u001b[7m  \u001b[0m\u001b[7m  \u001b[0m\u001b[49m  \u001b[0m\u001b[7m  \u001b[0m\n\u001b[7m  \u001b[0m\u001b[49m  \u001b[0m\u001b[7m  \u001b[0m\u001b[49m  \u001b[0m\u001b[49m  \u001b[0m\u001b[49m  \u001b[0m\u001b[7m  \u001b[0m\u001b[49m  \u001b[0m\u001b[7m  \u001b[0m\u001b[49m  \u001b[0m\u001b[7m  \u001b[0m\u001b[7m  \u001b[0m\u001b[49m  \u001b[0m\u001b[49m  \u001b[0m\u001b[7m  \u001b[0m\u001b[7m  \u001b[0m\u001b[49m  \u001b[0m\u001b[49m  \u001b[0m\u001b[7m  \u001b[0m\u001b[49m  \u001b[0m\u001b[7m  \u001b[0m\u001b[49m  \u001b[0m\u001b[49m  \u001b[0m\u001b[49m  \u001b[0m\u001b[7m  \u001b[0m\u001b[49m  \u001b[0m\u001b[7m  \u001b[0m\n\u001b[7m  \u001b[0m\u001b[49m  \u001b[0m\u001b[7m  \u001b[0m\u001b[49m  \u001b[0m\u001b[49m  \u001b[0m\u001b[49m  \u001b[0m\u001b[7m  \u001b[0m\u001b[49m  \u001b[0m\u001b[7m  \u001b[0m\u001b[49m  \u001b[0m\u001b[49m  \u001b[0m\u001b[7m  \u001b[0m\u001b[49m  \u001b[0m\u001b[7m  \u001b[0m\u001b[49m  \u001b[0m\u001b[49m  \u001b[0m\u001b[7m  \u001b[0m\u001b[49m  \u001b[0m\u001b[7m  \u001b[0m\u001b[49m  \u001b[0m\u001b[7m  \u001b[0m\u001b[49m  \u001b[0m\u001b[49m  \u001b[0m\u001b[49m  \u001b[0m\u001b[7m  \u001b[0m\u001b[49m  \u001b[0m\u001b[7m  \u001b[0m\n\u001b[7m  \u001b[0m\u001b[49m  \u001b[0m\u001b[7m  \u001b[0m\u001b[49m  \u001b[0m\u001b[49m  \u001b[0m\u001b[49m  \u001b[0m\u001b[7m  \u001b[0m\u001b[49m  \u001b[0m\u001b[7m  \u001b[0m\u001b[49m  \u001b[0m\u001b[49m  \u001b[0m\u001b[49m  \u001b[0m\u001b[49m  \u001b[0m\u001b[7m  \u001b[0m\u001b[49m  \u001b[0m\u001b[49m  \u001b[0m\u001b[49m  \u001b[0m\u001b[7m  \u001b[0m\u001b[7m  \u001b[0m\u001b[49m  \u001b[0m\u001b[7m  \u001b[0m\u001b[49m  \u001b[0m\u001b[49m  \u001b[0m\u001b[49m  \u001b[0m\u001b[7m  \u001b[0m\u001b[49m  \u001b[0m\u001b[7m  \u001b[0m\n\u001b[7m  \u001b[0m\u001b[49m  \u001b[0m\u001b[7m  \u001b[0m\u001b[7m  \u001b[0m\u001b[7m  \u001b[0m\u001b[7m  \u001b[0m\u001b[7m  \u001b[0m\u001b[49m  \u001b[0m\u001b[7m  \u001b[0m\u001b[7m  \u001b[0m\u001b[49m  \u001b[0m\u001b[7m  \u001b[0m\u001b[7m  \u001b[0m\u001b[49m  \u001b[0m\u001b[7m  \u001b[0m\u001b[49m  \u001b[0m\u001b[49m  \u001b[0m\u001b[7m  \u001b[0m\u001b[7m  \u001b[0m\u001b[49m  \u001b[0m\u001b[7m  \u001b[0m\u001b[7m  \u001b[0m\u001b[7m  \u001b[0m\u001b[7m  \u001b[0m\u001b[7m  \u001b[0m\u001b[49m  \u001b[0m\u001b[7m  \u001b[0m\n\u001b[7m  \u001b[0m\u001b[49m  \u001b[0m\u001b[49m  \u001b[0m\u001b[49m  \u001b[0m\u001b[49m  \u001b[0m\u001b[49m  \u001b[0m\u001b[49m  \u001b[0m\u001b[49m  \u001b[0m\u001b[7m  \u001b[0m\u001b[49m  \u001b[0m\u001b[7m  \u001b[0m\u001b[49m  \u001b[0m\u001b[7m  \u001b[0m\u001b[49m  \u001b[0m\u001b[7m  \u001b[0m\u001b[49m  \u001b[0m\u001b[7m  \u001b[0m\u001b[49m  \u001b[0m\u001b[7m  \u001b[0m\u001b[49m  \u001b[0m\u001b[49m  \u001b[0m\u001b[49m  \u001b[0m\u001b[49m  \u001b[0m\u001b[49m  \u001b[0m\u001b[49m  \u001b[0m\u001b[49m  \u001b[0m\u001b[7m  \u001b[0m\n\u001b[7m  \u001b[0m\u001b[7m  \u001b[0m\u001b[7m  \u001b[0m\u001b[7m  \u001b[0m\u001b[7m  \u001b[0m\u001b[7m  \u001b[0m\u001b[7m  \u001b[0m\u001b[7m  \u001b[0m\u001b[7m  \u001b[0m\u001b[7m  \u001b[0m\u001b[49m  \u001b[0m\u001b[7m  \u001b[0m\u001b[49m  \u001b[0m\u001b[7m  \u001b[0m\u001b[49m  \u001b[0m\u001b[49m  \u001b[0m\u001b[49m  \u001b[0m\u001b[7m  \u001b[0m\u001b[7m  \u001b[0m\u001b[7m  \u001b[0m\u001b[7m  \u001b[0m\u001b[7m  \u001b[0m\u001b[7m  \u001b[0m\u001b[7m  \u001b[0m\u001b[7m  \u001b[0m\u001b[7m  \u001b[0m\u001b[7m  \u001b[0m\n\u001b[7m  \u001b[0m\u001b[49m  \u001b[0m\u001b[49m  \u001b[0m\u001b[49m  \u001b[0m\u001b[49m  \u001b[0m\u001b[7m  \u001b[0m\u001b[7m  \u001b[0m\u001b[49m  \u001b[0m\u001b[7m  \u001b[0m\u001b[49m  \u001b[0m\u001b[7m  \u001b[0m\u001b[7m  \u001b[0m\u001b[7m  \u001b[0m\u001b[7m  \u001b[0m\u001b[7m  \u001b[0m\u001b[49m  \u001b[0m\u001b[49m  \u001b[0m\u001b[7m  \u001b[0m\u001b[49m  \u001b[0m\u001b[7m  \u001b[0m\u001b[7m  \u001b[0m\u001b[49m  \u001b[0m\u001b[49m  \u001b[0m\u001b[49m  \u001b[0m\u001b[7m  \u001b[0m\u001b[49m  \u001b[0m\u001b[7m  \u001b[0m\n\u001b[7m  \u001b[0m\u001b[7m  \u001b[0m\u001b[7m  \u001b[0m\u001b[7m  \u001b[0m\u001b[49m  \u001b[0m\u001b[7m  \u001b[0m\u001b[7m  \u001b[0m\u001b[7m  \u001b[0m\u001b[7m  \u001b[0m\u001b[49m  \u001b[0m\u001b[49m  \u001b[0m\u001b[7m  \u001b[0m\u001b[7m  \u001b[0m\u001b[7m  \u001b[0m\u001b[49m  \u001b[0m\u001b[7m  \u001b[0m\u001b[7m  \u001b[0m\u001b[49m  \u001b[0m\u001b[7m  \u001b[0m\u001b[49m  \u001b[0m\u001b[7m  \u001b[0m\u001b[7m  \u001b[0m\u001b[7m  \u001b[0m\u001b[7m  \u001b[0m\u001b[7m  \u001b[0m\u001b[7m  \u001b[0m\u001b[7m  \u001b[0m\n\u001b[7m  \u001b[0m\u001b[7m  \u001b[0m\u001b[7m  \u001b[0m\u001b[49m  \u001b[0m\u001b[49m  \u001b[0m\u001b[49m  \u001b[0m\u001b[7m  \u001b[0m\u001b[49m  \u001b[0m\u001b[7m  \u001b[0m\u001b[7m  \u001b[0m\u001b[7m  \u001b[0m\u001b[7m  \u001b[0m\u001b[7m  \u001b[0m\u001b[7m  \u001b[0m\u001b[7m  \u001b[0m\u001b[7m  \u001b[0m\u001b[49m  \u001b[0m\u001b[49m  \u001b[0m\u001b[7m  \u001b[0m\u001b[7m  \u001b[0m\u001b[49m  \u001b[0m\u001b[7m  \u001b[0m\u001b[49m  \u001b[0m\u001b[7m  \u001b[0m\u001b[7m  \u001b[0m\u001b[7m  \u001b[0m\u001b[7m  \u001b[0m\n\u001b[7m  \u001b[0m\u001b[49m  \u001b[0m\u001b[7m  \u001b[0m\u001b[7m  \u001b[0m\u001b[7m  \u001b[0m\u001b[7m  \u001b[0m\u001b[49m  \u001b[0m\u001b[7m  \u001b[0m\u001b[49m  \u001b[0m\u001b[7m  \u001b[0m\u001b[7m  \u001b[0m\u001b[7m  \u001b[0m\u001b[49m  \u001b[0m\u001b[49m  \u001b[0m\u001b[7m  \u001b[0m\u001b[7m  \u001b[0m\u001b[49m  \u001b[0m\u001b[49m  \u001b[0m\u001b[7m  \u001b[0m\u001b[7m  \u001b[0m\u001b[49m  \u001b[0m\u001b[7m  \u001b[0m\u001b[49m  \u001b[0m\u001b[49m  \u001b[0m\u001b[7m  \u001b[0m\u001b[49m  \u001b[0m\u001b[7m  \u001b[0m\n\u001b[7m  \u001b[0m\u001b[49m  \u001b[0m\u001b[7m  \u001b[0m\u001b[7m  \u001b[0m\u001b[7m  \u001b[0m\u001b[49m  \u001b[0m\u001b[49m  \u001b[0m\u001b[49m  \u001b[0m\u001b[7m  \u001b[0m\u001b[7m  \u001b[0m\u001b[49m  \u001b[0m\u001b[7m  \u001b[0m\u001b[49m  \u001b[0m\u001b[7m  \u001b[0m\u001b[49m  \u001b[0m\u001b[49m  \u001b[0m\u001b[7m  \u001b[0m\u001b[49m  \u001b[0m\u001b[49m  \u001b[0m\u001b[49m  \u001b[0m\u001b[7m  \u001b[0m\u001b[49m  \u001b[0m\u001b[49m  \u001b[0m\u001b[7m  \u001b[0m\u001b[7m  \u001b[0m\u001b[7m  \u001b[0m\u001b[7m  \u001b[0m\n\u001b[7m  \u001b[0m\u001b[7m  \u001b[0m\u001b[49m  \u001b[0m\u001b[7m  \u001b[0m\u001b[49m  \u001b[0m\u001b[7m  \u001b[0m\u001b[49m  \u001b[0m\u001b[7m  \u001b[0m\u001b[7m  \u001b[0m\u001b[7m  \u001b[0m\u001b[7m  \u001b[0m\u001b[49m  \u001b[0m\u001b[49m  \u001b[0m\u001b[7m  \u001b[0m\u001b[7m  \u001b[0m\u001b[49m  \u001b[0m\u001b[49m  \u001b[0m\u001b[49m  \u001b[0m\u001b[49m  \u001b[0m\u001b[7m  \u001b[0m\u001b[49m  \u001b[0m\u001b[49m  \u001b[0m\u001b[49m  \u001b[0m\u001b[7m  \u001b[0m\u001b[49m  \u001b[0m\u001b[49m  \u001b[0m\u001b[7m  \u001b[0m\n\u001b[7m  \u001b[0m\u001b[7m  \u001b[0m\u001b[49m  \u001b[0m\u001b[7m  \u001b[0m\u001b[49m  \u001b[0m\u001b[7m  \u001b[0m\u001b[7m  \u001b[0m\u001b[49m  \u001b[0m\u001b[49m  \u001b[0m\u001b[7m  \u001b[0m\u001b[7m  \u001b[0m\u001b[7m  \u001b[0m\u001b[7m  \u001b[0m\u001b[49m  \u001b[0m\u001b[49m  \u001b[0m\u001b[49m  \u001b[0m\u001b[7m  \u001b[0m\u001b[49m  \u001b[0m\u001b[7m  \u001b[0m\u001b[49m  \u001b[0m\u001b[49m  \u001b[0m\u001b[7m  \u001b[0m\u001b[7m  \u001b[0m\u001b[7m  \u001b[0m\u001b[7m  \u001b[0m\u001b[49m  \u001b[0m\u001b[7m  \u001b[0m\n\u001b[7m  \u001b[0m\u001b[49m  \u001b[0m\u001b[7m  \u001b[0m\u001b[7m  \u001b[0m\u001b[49m  \u001b[0m\u001b[49m  \u001b[0m\u001b[7m  \u001b[0m\u001b[7m  \u001b[0m\u001b[49m  \u001b[0m\u001b[7m  \u001b[0m\u001b[49m  \u001b[0m\u001b[7m  \u001b[0m\u001b[7m  \u001b[0m\u001b[49m  \u001b[0m\u001b[49m  \u001b[0m\u001b[7m  \u001b[0m\u001b[49m  \u001b[0m\u001b[49m  \u001b[0m\u001b[7m  \u001b[0m\u001b[49m  \u001b[0m\u001b[7m  \u001b[0m\u001b[49m  \u001b[0m\u001b[49m  \u001b[0m\u001b[7m  \u001b[0m\u001b[49m  \u001b[0m\u001b[49m  \u001b[0m\u001b[7m  \u001b[0m\n\u001b[7m  \u001b[0m\u001b[7m  \u001b[0m\u001b[7m  \u001b[0m\u001b[7m  \u001b[0m\u001b[49m  \u001b[0m\u001b[7m  \u001b[0m\u001b[49m  \u001b[0m\u001b[49m  \u001b[0m\u001b[49m  \u001b[0m\u001b[7m  \u001b[0m\u001b[7m  \u001b[0m\u001b[49m  \u001b[0m\u001b[49m  \u001b[0m\u001b[7m  \u001b[0m\u001b[49m  \u001b[0m\u001b[7m  \u001b[0m\u001b[7m  \u001b[0m\u001b[49m  \u001b[0m\u001b[49m  \u001b[0m\u001b[49m  \u001b[0m\u001b[49m  \u001b[0m\u001b[49m  \u001b[0m\u001b[49m  \u001b[0m\u001b[49m  \u001b[0m\u001b[49m  \u001b[0m\u001b[7m  \u001b[0m\u001b[7m  \u001b[0m\n\u001b[7m  \u001b[0m\u001b[7m  \u001b[0m\u001b[7m  \u001b[0m\u001b[7m  \u001b[0m\u001b[7m  \u001b[0m\u001b[7m  \u001b[0m\u001b[7m  \u001b[0m\u001b[7m  \u001b[0m\u001b[7m  \u001b[0m\u001b[49m  \u001b[0m\u001b[49m  \u001b[0m\u001b[7m  \u001b[0m\u001b[7m  \u001b[0m\u001b[49m  \u001b[0m\u001b[49m  \u001b[0m\u001b[7m  \u001b[0m\u001b[7m  \u001b[0m\u001b[49m  \u001b[0m\u001b[7m  \u001b[0m\u001b[7m  \u001b[0m\u001b[7m  \u001b[0m\u001b[49m  \u001b[0m\u001b[49m  \u001b[0m\u001b[7m  \u001b[0m\u001b[49m  \u001b[0m\u001b[49m  \u001b[0m\u001b[7m  \u001b[0m\n\u001b[7m  \u001b[0m\u001b[49m  \u001b[0m\u001b[49m  \u001b[0m\u001b[49m  \u001b[0m\u001b[49m  \u001b[0m\u001b[49m  \u001b[0m\u001b[49m  \u001b[0m\u001b[49m  \u001b[0m\u001b[7m  \u001b[0m\u001b[7m  \u001b[0m\u001b[49m  \u001b[0m\u001b[49m  \u001b[0m\u001b[49m  \u001b[0m\u001b[49m  \u001b[0m\u001b[7m  \u001b[0m\u001b[7m  \u001b[0m\u001b[49m  \u001b[0m\u001b[49m  \u001b[0m\u001b[7m  \u001b[0m\u001b[49m  \u001b[0m\u001b[7m  \u001b[0m\u001b[49m  \u001b[0m\u001b[7m  \u001b[0m\u001b[7m  \u001b[0m\u001b[7m  \u001b[0m\u001b[7m  \u001b[0m\u001b[7m  \u001b[0m\n\u001b[7m  \u001b[0m\u001b[49m  \u001b[0m\u001b[7m  \u001b[0m\u001b[7m  \u001b[0m\u001b[7m  \u001b[0m\u001b[7m  \u001b[0m\u001b[7m  \u001b[0m\u001b[49m  \u001b[0m\u001b[7m  \u001b[0m\u001b[7m  \u001b[0m\u001b[7m  \u001b[0m\u001b[49m  \u001b[0m\u001b[7m  \u001b[0m\u001b[49m  \u001b[0m\u001b[7m  \u001b[0m\u001b[49m  \u001b[0m\u001b[7m  \u001b[0m\u001b[49m  \u001b[0m\u001b[7m  \u001b[0m\u001b[7m  \u001b[0m\u001b[7m  \u001b[0m\u001b[49m  \u001b[0m\u001b[49m  \u001b[0m\u001b[49m  \u001b[0m\u001b[7m  \u001b[0m\u001b[49m  \u001b[0m\u001b[7m  \u001b[0m\n\u001b[7m  \u001b[0m\u001b[49m  \u001b[0m\u001b[7m  \u001b[0m\u001b[49m  \u001b[0m\u001b[49m  \u001b[0m\u001b[49m  \u001b[0m\u001b[7m  \u001b[0m\u001b[49m  \u001b[0m\u001b[7m  \u001b[0m\u001b[7m  \u001b[0m\u001b[49m  \u001b[0m\u001b[7m  \u001b[0m\u001b[49m  \u001b[0m\u001b[49m  \u001b[0m\u001b[49m  \u001b[0m\u001b[7m  \u001b[0m\u001b[49m  \u001b[0m\u001b[49m  \u001b[0m\u001b[49m  \u001b[0m\u001b[49m  \u001b[0m\u001b[49m  \u001b[0m\u001b[49m  \u001b[0m\u001b[49m  \u001b[0m\u001b[49m  \u001b[0m\u001b[49m  \u001b[0m\u001b[49m  \u001b[0m\u001b[7m  \u001b[0m\n\u001b[7m  \u001b[0m\u001b[49m  \u001b[0m\u001b[7m  \u001b[0m\u001b[49m  \u001b[0m\u001b[49m  \u001b[0m\u001b[49m  \u001b[0m\u001b[7m  \u001b[0m\u001b[49m  \u001b[0m\u001b[7m  \u001b[0m\u001b[49m  \u001b[0m\u001b[7m  \u001b[0m\u001b[49m  \u001b[0m\u001b[7m  \u001b[0m\u001b[49m  \u001b[0m\u001b[49m  \u001b[0m\u001b[7m  \u001b[0m\u001b[7m  \u001b[0m\u001b[49m  \u001b[0m\u001b[7m  \u001b[0m\u001b[7m  \u001b[0m\u001b[7m  \u001b[0m\u001b[49m  \u001b[0m\u001b[49m  \u001b[0m\u001b[7m  \u001b[0m\u001b[7m  \u001b[0m\u001b[49m  \u001b[0m\u001b[7m  \u001b[0m\n\u001b[7m  \u001b[0m\u001b[49m  \u001b[0m\u001b[7m  \u001b[0m\u001b[49m  \u001b[0m\u001b[49m  \u001b[0m\u001b[49m  \u001b[0m\u001b[7m  \u001b[0m\u001b[49m  \u001b[0m\u001b[7m  \u001b[0m\u001b[49m  \u001b[0m\u001b[7m  \u001b[0m\u001b[7m  \u001b[0m\u001b[49m  \u001b[0m\u001b[49m  \u001b[0m\u001b[49m  \u001b[0m\u001b[7m  \u001b[0m\u001b[7m  \u001b[0m\u001b[7m  \u001b[0m\u001b[7m  \u001b[0m\u001b[7m  \u001b[0m\u001b[7m  \u001b[0m\u001b[49m  \u001b[0m\u001b[49m  \u001b[0m\u001b[7m  \u001b[0m\u001b[49m  \u001b[0m\u001b[7m  \u001b[0m\u001b[7m  \u001b[0m\n\u001b[7m  \u001b[0m\u001b[49m  \u001b[0m\u001b[7m  \u001b[0m\u001b[7m  \u001b[0m\u001b[7m  \u001b[0m\u001b[7m  \u001b[0m\u001b[7m  \u001b[0m\u001b[49m  \u001b[0m\u001b[7m  \u001b[0m\u001b[49m  \u001b[0m\u001b[7m  \u001b[0m\u001b[7m  \u001b[0m\u001b[7m  \u001b[0m\u001b[7m  \u001b[0m\u001b[7m  \u001b[0m\u001b[7m  \u001b[0m\u001b[49m  \u001b[0m\u001b[7m  \u001b[0m\u001b[49m  \u001b[0m\u001b[7m  \u001b[0m\u001b[7m  \u001b[0m\u001b[49m  \u001b[0m\u001b[49m  \u001b[0m\u001b[7m  \u001b[0m\u001b[7m  \u001b[0m\u001b[49m  \u001b[0m\u001b[7m  \u001b[0m\n\u001b[7m  \u001b[0m\u001b[49m  \u001b[0m\u001b[49m  \u001b[0m\u001b[49m  \u001b[0m\u001b[49m  \u001b[0m\u001b[49m  \u001b[0m\u001b[49m  \u001b[0m\u001b[49m  \u001b[0m\u001b[7m  \u001b[0m\u001b[49m  \u001b[0m\u001b[7m  \u001b[0m\u001b[49m  \u001b[0m\u001b[7m  \u001b[0m\u001b[49m  \u001b[0m\u001b[7m  \u001b[0m\u001b[49m  \u001b[0m\u001b[49m  \u001b[0m\u001b[7m  \u001b[0m\u001b[49m  \u001b[0m\u001b[7m  \u001b[0m\u001b[7m  \u001b[0m\u001b[49m  \u001b[0m\u001b[49m  \u001b[0m\u001b[7m  \u001b[0m\u001b[7m  \u001b[0m\u001b[49m  \u001b[0m\u001b[7m  \u001b[0m\n\u001b[7m  \u001b[0m\u001b[7m  \u001b[0m\u001b[7m  \u001b[0m\u001b[7m  \u001b[0m\u001b[7m  \u001b[0m\u001b[7m  \u001b[0m\u001b[7m  \u001b[0m\u001b[7m  \u001b[0m\u001b[7m  \u001b[0m\u001b[7m  \u001b[0m\u001b[7m  \u001b[0m\u001b[7m  \u001b[0m\u001b[7m  \u001b[0m\u001b[7m  \u001b[0m\u001b[7m  \u001b[0m\u001b[7m  \u001b[0m\u001b[7m  \u001b[0m\u001b[7m  \u001b[0m\u001b[7m  \u001b[0m\u001b[7m  \u001b[0m\u001b[7m  \u001b[0m\u001b[7m  \u001b[0m\u001b[7m  \u001b[0m\u001b[7m  \u001b[0m\u001b[7m  \u001b[0m\u001b[7m  \u001b[0m\u001b[7m  \u001b[0m\n", "tls_termination": true, "requested_host": "localhost", "requested_port": 80, "address": "a9784d3a8ba0b0.lhr.life", "listen_host": "a9784d3a8ba0b0.lhr.life", "listen_port": 80, "type": "opened", "status": "success", "authz_code": "OK"}
{"connection_id": "5d93cbea-8540-41dd-9ef2-ff893a48e1c1", "event": "tcpip-forward", "message": "e35955c9b16372.lhr.life tunneled with tls termination, https://e35955c9b16372.lhr.life\ncreate an account and add your key for a longer lasting domain name. see https://localhost.run/docs/forever-free/ for more information.\nOpen your tunnel address on your mobile with this QR:\n\n\u001b[7m  \u001b[0m\u001b[7m  \u001b[0m\u001b[7m  \u001b[0m\u001b[7m  \u001b[0m\u001b[7m  \u001b[0m\u001b[7m  \u001b[0m\u001b[7m  \u001b[0m\u001b[7m  \u001b[0m\u001b[7m  \u001b[0m\u001b[7m  \u001b[0m\u001b[7m  \u001b[0m\u001b[7m  \u001b[0m\u001b[7m  \u001b[0m\u001b[7m  \u001b[0m\u001b[7m  \u001b[0m\u001b[7m  \u001b[0m\u001b[7m  \u001b[0m\u001b[7m  \u001b[0m\u001b[7m  \u001b[0m\u001b[7m  \u001b[0m\u001b[7m  \u001b[0m\u001b[7m  \u001b[0m\u001b[7m  \u001b[0m\u001b[7m  \u001b[0m\u001b[7m  \u001b[0m\u001b[7m  \u001b[0m\u001b[7m  \u001b[0m\n\u001b[7m  \u001b[0m\u001b[49m  \u001b[0m\u001b[49m  \u001b[0m\u001b[49m  \u001b[0m\u001b[49m  \u001b[0m\u001b[49m  \u001b[0m\u001b[49m  \u001b[0m\u001b[49m  \u001b[0m\u001b[7m  \u001b[0m\u001b[7m  \u001b[0m\u001b[7m  \u001b[0m\u001b[49m  \u001b[0m\u001b[7m  \u001b[0m\u001b[7m  \u001b[0m\u001b[49m  \u001b[0m\u001b[7m  \u001b[0m\u001b[7m  \u001b[0m\u001b[49m  \u001b[0m\u001b[7m  \u001b[0m\u001b[49m  \u001b[0m\u001b[49m  \u001b[0m\u001b[49m  \u001b[0m\u001b[49m  \u001b[0m\u001b[49m  \u001b[0m\u001b[49m  \u001b[0m\u001b[49m  \u001b[0m\u001b[7m  \u001b[0m\n\u001b[7m  \u001b[0m\u001b[49m  \u001b[0m\u001b[7m  \u001b[0m\u001b[7m  \u001b[0m\u001b[7m  \u001b[0m\u001b[7m  \u001b[0m\u001b[7m  \u001b[0m\u001b[49m  \u001b[0m\u001b[7m  \u001b[0m\u001b[7m  \u001b[0m\u001b[49m  \u001b[0m\u001b[7m  \u001b[0m\u001b[7m  \u001b[0m\u001b[7m  \u001b[0m\u001b[49m  \u001b[0m\u001b[7m  \u001b[0m\u001b[49m  \u001b[0m\u001b[49m  \u001b[0m\u001b[7m  \u001b[0m\u001b[49m  \u001b[0m\u001b[7m  \u001b[0m\u001b[7m  \u001b[0m\u001b[7m  \u001b[0m\u001b[7m  \u001b[0m\u001b[7m  \u001b[0m\u001b[49m  \u001b[0m\u001b[7m  \u001b[0m\n\u001b[7m  \u001b[0m\u001b[49m  \u001b[0m\u001b[7m  \u001b[0m\u001b[49m  \u001b[0m\u001b[49m  \u001b[0m\u001b[49m  \u001b[0m\u001b[7m  \u001b[0m\u001b[49m  \u001b[0m\u001b[7m  \u001b[0m\u001b[49m  \u001b[0m\u001b[7m  \u001b[0m\u001b[7m  \u001b[0m\u001b[49m  \u001b[0m\u001b[7m  \u001b[0m\u001b[49m  \u001b[0m\u001b[49m  \u001b[0m\u001b[49m  \u001b[0m\u001b[49m  \u001b[0m\u001b[7m  \u001b[0m\u001b[49m  \u001b[0m\u001b[7m  \u001b[0m\u001b[49m  \u001b[0m\u001b[49m  \u001b[0m\u001b[49m  \u001b[0m\u001b[7m  \u001b[0m\u001b[49m  \u001b[0m\u001b[7m  \u001b[0m\n\u001b[7m  \u001b[0m\u001b[49m  \u001b[0m\u001b[7m  \u001b[0m\u001b[49m  \u001b[0m\u001b[49m  \u001b[0m\u001b[49m  \u001b[0m\u001b[7m  \u001b[0m\u001b[49m  \u001b[0m\u001b[7m  \u001b[0m\u001b[7m  \u001b[0m\u001b[49m  \u001b[0m\u001b[7m  \u001b[0m\u001b[7m  \u001b[0m\u001b[49m  \u001b[0m\u001b[7m  \u001b[0m\u001b[49m  \u001b[0m\u001b[7m  \u001b[0m\u001b[49m  \u001b[0m\u001b[7m  \u001b[0m\u001b[49m  \u001b[0m\u001b[7m  \u001b[0m\u001b[49m  \u001b[0m\u001b[49m  \u001b[0m\u001b[49m  \u001b[0m\u001b[7m  \u001b[0m\u001b[49m  \u001b[0m\u001b[7m  \u001b[0m\n\u001b[7m  \u001b[0m\u001b[49m  \u001b[0m\u001b[7m  \u001b[0m\u001b[49m  \u001b[0m\u001b[49m  \u001b[0m\u001b[49m  \u001b[0m\u001b[7m  \u001b[0m\u001b[49m  \u001b[0m\u001b[7m  \u001b[0m\u001b[7m  \u001b[0m\u001b[49m  \u001b[0m\u001b[7m  \u001b[0m\u001b[7m  \u001b[0m\u001b[49m  \u001b[0m\u001b[49m  \u001b[0m\u001b[49m  \u001b[0m\u001b[49m  \u001b[0m\u001b[49m  \u001b[0m\u001b[7m  \u001b[0m\u001b[49m  \u001b[0m\u001b[7m  \u001b[0m\u001b[49m  \u001b[0m\u001b[49m  \u001b[0m\u001b[49m  \u001b[0m\u001b[7m  \u001b[0m\u001b[49m  \u001b[0m\u001b[7m  \u001b[0m\n\u001b[7m  \u001b[0m\u001b[49m  \u001b[0m\u001b[7m  \u001b[0m\u001b[7m  \u001b[0m\u001b[7m  \u001b[0m\u001b[7m  \u001b[0m\u001b[7m  \u001b[0m\u001b[49m  \u001b[0m\u001b[7m  \u001b[0m\u001b[7m  \u001b[0m\u001b[7m  \u001b[0m\u001b[49m  \u001b[0m\u001b[49m  \u001b[0m\u001b[49m  \u001b[0m\u001b[7m  \u001b[0m\u001b[49m  \u001b[0m\u001b[7m  \u001b[0m\u001b[49m  \u001b[0m\u001b[7m  \u001b[0m\u001b[49m  \u001b[0m\u001b[7m  \u001b[0m\u001b[7m  \u001b[0m\u001b[7m  \u001b[0m\u001b[7m  \u001b[0m\u001b[7m  \u001b[0m\u001b[49m  \u001b[0m\u001b[7m  \u001b[0m\n\u001b[7m  \u001b[0m\u001b[49m  \u001b[0m\u001b[49m  \u001b[0m\u001b[49m  \u001b[0m\u001b[49m  \u001b[0m\u001b[49m  \u001b[0m\u001b[49m  \u001b[0m\u001b[49m  \u001b[0m\u001b[7m  \u001b[0m\u001b[49m  \u001b[0m\u001b[7m  \u001b[0m\u001b[49m  \u001b[0m\u001b[7m  \u001b[0m\u001b[49m  \u001b[0m\u001b[7m  \u001b[0m\u001b[49m  \u001b[0m\u001b[7m  \u001b[0m\u001b[49m  \u001b[0m\u001b[7m  \u001b[0m\u001b[49m  \u001b[0m\u001b[49m  \u001b[0m\u001b[49m  \u001b[0m\u001b[49m  \u001b[0m\u001b[49m  \u001b[0m\u001b[49m  \u001b[0m\u001b[49m  \u001b[0m\u001b[7m  \u001b[0m\n\u001b[7m  \u001b[0m\u001b[7m  \u001b[0m\u001b[7m  \u001b[0m\u001b[7m  \u001b[0m\u001b[7m  \u001b[0m\u001b[7m  \u001b[0m\u001b[7m  \u001b[0m\u001b[7m  \u001b[0m\u001b[7m  \u001b[0m\u001b[49m  \u001b[0m\u001b[7m  \u001b[0m\u001b[7m  \u001b[0m\u001b[49m  \u001b[0m\u001b[7m  \u001b[0m\u001b[7m  \u001b[0m\u001b[7m  \u001b[0m\u001b[7m  \u001b[0m\u001b[7m  \u001b[0m\u001b[7m  \u001b[0m\u001b[7m  \u001b[0m\u001b[7m  \u001b[0m\u001b[7m  \u001b[0m\u001b[7m  \u001b[0m\u001b[7m  \u001b[0m\u001b[7m  \u001b[0m\u001b[7m  \u001b[0m\u001b[7m  \u001b[0m\n\u001b[7m  \u001b[0m\u001b[49m  \u001b[0m\u001b[49m  \u001b[0m\u001b[49m  \u001b[0m\u001b[7m  \u001b[0m\u001b[49m  \u001b[0m\u001b[49m  \u001b[0m\u001b[49m  \u001b[0m\u001b[49m  \u001b[0m\u001b[49m  \u001b[0m\u001b[7m  \u001b[0m\u001b[7m  \u001b[0m\u001b[7m  \u001b[0m\u001b[49m  \u001b[0m\u001b[49m  \u001b[0m\u001b[7m  \u001b[0m\u001b[49m  \u001b[0m\u001b[7m  \u001b[0m\u001b[49m  \u001b[0m\u001b[49m  \u001b[0m\u001b[7m  \u001b[0m\u001b[7m  \u001b[0m\u001b[7m  \u001b[0m\u001b[49m  \u001b[0m\u001b[7m  \u001b[0m\u001b[7m  \u001b[0m\u001b[7m  \u001b[0m\n\u001b[7m  \u001b[0m\u001b[7m  \u001b[0m\u001b[49m  \u001b[0m\u001b[7m  \u001b[0m\u001b[49m  \u001b[0m\u001b[7m  \u001b[0m\u001b[7m  \u001b[0m\u001b[7m  \u001b[0m\u001b[49m  \u001b[0m\u001b[49m  \u001b[0m\u001b[49m  \u001b[0m\u001b[7m  \u001b[0m\u001b[49m  \u001b[0m\u001b[49m  \u001b[0m\u001b[7m  \u001b[0m\u001b[7m  \u001b[0m\u001b[7m  \u001b[0m\u001b[49m  \u001b[0m\u001b[7m  \u001b[0m\u001b[7m  \u001b[0m\u001b[49m  \u001b[0m\u001b[49m  \u001b[0m\u001b[7m  \u001b[0m\u001b[7m  \u001b[0m\u001b[49m  \u001b[0m\u001b[49m  \u001b[0m\u001b[7m  \u001b[0m\n\u001b[7m  \u001b[0m\u001b[7m  \u001b[0m\u001b[7m  \u001b[0m\u001b[49m  \u001b[0m\u001b[49m  \u001b[0m\u001b[7m  \u001b[0m\u001b[7m  \u001b[0m\u001b[49m  \u001b[0m\u001b[7m  \u001b[0m\u001b[49m  \u001b[0m\u001b[7m  \u001b[0m\u001b[49m  \u001b[0m\u001b[49m  \u001b[0m\u001b[49m  \u001b[0m\u001b[7m  \u001b[0m\u001b[7m  \u001b[0m\u001b[7m  \u001b[0m\u001b[7m  \u001b[0m\u001b[7m  \u001b[0m\u001b[7m  \u001b[0m\u001b[49m  \u001b[0m\u001b[7m  \u001b[0m\u001b[49m  \u001b[0m\u001b[49m  \u001b[0m\u001b[49m  \u001b[0m\u001b[49m  \u001b[0m\u001b[7m  \u001b[0m\n\u001b[7m  \u001b[0m\u001b[7m  \u001b[0m\u001b[7m  \u001b[0m\u001b[49m  \u001b[0m\u001b[49m  \u001b[0m\u001b[7m  \u001b[0m\u001b[7m  \u001b[0m\u001b[7m  \u001b[0m\u001b[49m  \u001b[0m\u001b[49m  \u001b[0m\u001b[49m  \u001b[0m\u001b[49m  \u001b[0m\u001b[7m  \u001b[0m\u001b[49m  \u001b[0m\u001b[7m  \u001b[0m\u001b[7m  \u001b[0m\u001b[7m  \u001b[0m\u001b[49m  \u001b[0m\u001b[7m  \u001b[0m\u001b[7m  \u001b[0m\u001b[49m  \u001b[0m\u001b[7m  \u001b[0m\u001b[7m  \u001b[0m\u001b[7m  \u001b[0m\u001b[49m  \u001b[0m\u001b[49m  \u001b[0m\u001b[7m  \u001b[0m\n\u001b[7m  \u001b[0m\u001b[7m  \u001b[0m\u001b[49m  \u001b[0m\u001b[7m  \u001b[0m\u001b[49m  \u001b[0m\u001b[7m  \u001b[0m\u001b[49m  \u001b[0m\u001b[49m  \u001b[0m\u001b[7m  \u001b[0m\u001b[49m  \u001b[0m\u001b[7m  \u001b[0m\u001b[49m  \u001b[0m\u001b[49m  \u001b[0m\u001b[7m  \u001b[0m\u001b[49m  \u001b[0m\u001b[7m  \u001b[0m\u001b[49m  \u001b[0m\u001b[49m  \u001b[0m\u001b[7m  \u001b[0m\u001b[49m  \u001b[0m\u001b[7m  \u001b[0m\u001b[49m  \u001b[0m\u001b[7m  \u001b[0m\u001b[49m  \u001b[0m\u001b[7m  \u001b[0m\u001b[7m  \u001b[0m\u001b[7m  \u001b[0m\n\u001b[7m  \u001b[0m\u001b[7m  \u001b[0m\u001b[7m  \u001b[0m\u001b[7m  \u001b[0m\u001b[49m  \u001b[0m\u001b[49m  \u001b[0m\u001b[7m  \u001b[0m\u001b[7m  \u001b[0m\u001b[49m  \u001b[0m\u001b[7m  \u001b[0m\u001b[7m  \u001b[0m\u001b[49m  \u001b[0m\u001b[49m  \u001b[0m\u001b[7m  \u001b[0m\u001b[49m  \u001b[0m\u001b[7m  \u001b[0m\u001b[49m  \u001b[0m\u001b[49m  \u001b[0m\u001b[7m  \u001b[0m\u001b[7m  \u001b[0m\u001b[7m  \u001b[0m\u001b[7m  \u001b[0m\u001b[7m  \u001b[0m\u001b[7m  \u001b[0m\u001b[49m  \u001b[0m\u001b[49m  \u001b[0m\u001b[7m  \u001b[0m\n\u001b[7m  \u001b[0m\u001b[49m  \u001b[0m\u001b[7m  \u001b[0m\u001b[7m  \u001b[0m\u001b[49m  \u001b[0m\u001b[7m  \u001b[0m\u001b[49m  \u001b[0m\u001b[49m  \u001b[0m\u001b[49m  \u001b[0m\u001b[7m  \u001b[0m\u001b[49m  \u001b[0m\u001b[49m  \u001b[0m\u001b[7m  \u001b[0m\u001b[7m  \u001b[0m\u001b[7m  \u001b[0m\u001b[7m  \u001b[0m\u001b[7m  \u001b[0m\u001b[49m  \u001b[0m\u001b[7m  \u001b[0m\u001b[49m  \u001b[0m\u001b[49m  \u001b[0m\u001b[49m  \u001b[0m\u001b[7m  \u001b[0m\u001b[7m  \u001b[0m\u001b[7m  \u001b[0m\u001b[7m  \u001b[0m\u001b[7m  \u001b[0m\n\u001b[7m  \u001b[0m\u001b[7m  \u001b[0m\u001b[49m  \u001b[0m\u001b[49m  \u001b[0m\u001b[7m  \u001b[0m\u001b[7m  \u001b[0m\u001b[49m  \u001b[0m\u001b[7m  \u001b[0m\u001b[49m  \u001b[0m\u001b[49m  \u001b[0m\u001b[49m  \u001b[0m\u001b[49m  \u001b[0m\u001b[49m  \u001b[0m\u001b[7m  \u001b[0m\u001b[7m  \u001b[0m\u001b[7m  \u001b[0m\u001b[7m  \u001b[0m\u001b[7m  \u001b[0m\u001b[49m  \u001b[0m\u001b[49m  \u001b[0m\u001b[7m  \u001b[0m\u001b[49m  \u001b[0m\u001b[49m  \u001b[0m\u001b[7m  \u001b[0m\u001b[7m  \u001b[0m\u001b[7m  \u001b[0m\u001b[7m  \u001b[0m\n\u001b[7m  \u001b[0m\u001b[49m  \u001b[0m\u001b[7m  \u001b[0m\u001b[49m  \u001b[0m\u001b[7m  \u001b[0m\u001b[49m  \u001b[0m\u001b[7m  \u001b[0m\u001b[49m  \u001b[0m\u001b[49m  \u001b[0m\u001b[7m  \u001b[0m\u001b[7m  \u001b[0m\u001b[7m  \u001b[0m\u001b[7m  \u001b[0m\u001b[49m  \u001b[0m\u001b[49m  \u001b[0m\u001b[7m  \u001b[0m\u001b[7m  \u001b[0m\u001b[49m  \u001b[0m\u001b[49m  \u001b[0m\u001b[49m  \u001b[0m\u001b[49m  \u001b[0m\u001b[49m  \u001b[0m\u001b[49m  \u001b[0m\u001b[7m  \u001b[0m\u001b[7m  \u001b[0m\u001b[49m  \u001b[0m\u001b[7m  \u001b[0m\n\u001b[7m  \u001b[0m\u001b[7m  \u001b[0m\u001b[7m  \u001b[0m\u001b[7m  \u001b[0m\u001b[7m  \u001b[0m\u001b[7m  \u001b[0m\u001b[7m  \u001b[0m\u001b[7m  \u001b[0m\u001b[7m  \u001b[0m\u001b[49m  \u001b[0m\u001b[49m  \u001b[0m\u001b[49m  \u001b[0m\u001b[49m  \u001b[0m\u001b[49m  \u001b[0m\u001b[49m  \u001b[0m\u001b[7m  \u001b[0m\u001b[49m  \u001b[0m\u001b[49m  \u001b[0m\u001b[7m  \u001b[0m\u001b[7m  \u001b[0m\u001b[7m  \u001b[0m\u001b[49m  \u001b[0m\u001b[7m  \u001b[0m\u001b[49m  \u001b[0m\u001b[7m  \u001b[0m\u001b[49m  \u001b[0m\u001b[7m  \u001b[0m\n\u001b[7m  \u001b[0m\u001b[49m  \u001b[0m\u001b[49m  \u001b[0m\u001b[49m  \u001b[0m\u001b[49m  \u001b[0m\u001b[49m  \u001b[0m\u001b[49m  \u001b[0m\u001b[49m  \u001b[0m\u001b[7m  \u001b[0m\u001b[49m  \u001b[0m\u001b[7m  \u001b[0m\u001b[49m  \u001b[0m\u001b[49m  \u001b[0m\u001b[49m  \u001b[0m\u001b[7m  \u001b[0m\u001b[49m  \u001b[0m\u001b[49m  \u001b[0m\u001b[49m  \u001b[0m\u001b[7m  \u001b[0m\u001b[49m  \u001b[0m\u001b[7m  \u001b[0m\u001b[49m  \u001b[0m\u001b[49m  \u001b[0m\u001b[49m  \u001b[0m\u001b[7m  \u001b[0m\u001b[7m  \u001b[0m\u001b[7m  \u001b[0m\n\u001b[7m  \u001b[0m\u001b[49m  \u001b[0m\u001b[7m  \u001b[0m\u001b[7m  \u001b[0m\u001b[7m  \u001b[0m\u001b[7m  \u001b[0m\u001b[7m  \u001b[0m\u001b[49m  \u001b[0m\u001b[7m  \u001b[0m\u001b[49m  \u001b[0m\u001b[7m  \u001b[0m\u001b[7m  \u001b[0m\u001b[7m  \u001b[0m\u001b[49m  \u001b[0m\u001b[49m  \u001b[0m\u001b[7m  \u001b[0m\u001b[49m  \u001b[0m\u001b[49m  \u001b[0m\u001b[7m  \u001b[0m\u001b[7m  \u001b[0m\u001b[7m  \u001b[0m\u001b[49m  \u001b[0m\u001b[7m  \u001b[0m\u001b[49m  \u001b[0m\u001b[7m  \u001b[0m\u001b[49m  \u001b[0m\u001b[7m  \u001b[0m\n\u001b[7m  \u001b[0m\u001b[49m  \u001b[0m\u001b[7m  \u001b[0m\u001b[49m  \u001b[0m\u001b[49m  \u001b[0m\u001b[49m  \u001b[0m\u001b[7m  \u001b[0m\u001b[49m  \u001b[0m\u001b[7m  \u001b[0m\u001b[49m  \u001b[0m\u001b[7m  \u001b[0m\u001b[7m  \u001b[0m\u001b[49m  \u001b[0m\u001b[7m  \u001b[0m\u001b[7m  \u001b[0m\u001b[49m  \u001b[0m\u001b[7m  \u001b[0m\u001b[49m  \u001b[0m\u001b[49m  \u001b[0m\u001b[49m  \u001b[0m\u001b[49m  \u001b[0m\u001b[49m  \u001b[0m\u001b[49m  \u001b[0m\u001b[49m  \u001b[0m\u001b[49m  \u001b[0m\u001b[7m  \u001b[0m\u001b[7m  \u001b[0m\n\u001b[7m  \u001b[0m\u001b[49m  \u001b[0m\u001b[7m  \u001b[0m\u001b[49m  \u001b[0m\u001b[49m  \u001b[0m\u001b[49m  \u001b[0m\u001b[7m  \u001b[0m\u001b[49m  \u001b[0m\u001b[7m  \u001b[0m\u001b[7m  \u001b[0m\u001b[49m  \u001b[0m\u001b[7m  \u001b[0m\u001b[49m  \u001b[0m\u001b[7m  \u001b[0m\u001b[7m  \u001b[0m\u001b[7m  \u001b[0m\u001b[49m  \u001b[0m\u001b[49m  \u001b[0m\u001b[49m  \u001b[0m\u001b[49m  \u001b[0m\u001b[7m  \u001b[0m\u001b[7m  \u001b[0m\u001b[49m  \u001b[0m\u001b[7m  \u001b[0m\u001b[49m  \u001b[0m\u001b[7m  \u001b[0m\u001b[7m  \u001b[0m\n\u001b[7m  \u001b[0m\u001b[49m  \u001b[0m\u001b[7m  \u001b[0m\u001b[49m  \u001b[0m\u001b[49m  \u001b[0m\u001b[49m  \u001b[0m\u001b[7m  \u001b[0m\u001b[49m  \u001b[0m\u001b[7m  \u001b[0m\u001b[49m  \u001b[0m\u001b[49m  \u001b[0m\u001b[7m  \u001b[0m\u001b[7m  \u001b[0m\u001b[7m  \u001b[0m\u001b[49m  \u001b[0m\u001b[7m  \u001b[0m\u001b[7m  \u001b[0m\u001b[49m  \u001b[0m\u001b[49m  \u001b[0m\u001b[49m  \u001b[0m\u001b[7m  \u001b[0m\u001b[49m  \u001b[0m\u001b[7m  \u001b[0m\u001b[7m  \u001b[0m\u001b[7m  \u001b[0m\u001b[49m  \u001b[0m\u001b[7m  \u001b[0m\n\u001b[7m  \u001b[0m\u001b[49m  \u001b[0m\u001b[7m  \u001b[0m\u001b[7m  \u001b[0m\u001b[7m  \u001b[0m\u001b[7m  \u001b[0m\u001b[7m  \u001b[0m\u001b[49m  \u001b[0m\u001b[7m  \u001b[0m\u001b[49m  \u001b[0m\u001b[49m  \u001b[0m\u001b[49m  \u001b[0m\u001b[49m  \u001b[0m\u001b[7m  \u001b[0m\u001b[7m  \u001b[0m\u001b[7m  \u001b[0m\u001b[49m  \u001b[0m\u001b[7m  \u001b[0m\u001b[7m  \u001b[0m\u001b[49m  \u001b[0m\u001b[7m  \u001b[0m\u001b[7m  \u001b[0m\u001b[7m  \u001b[0m\u001b[7m  \u001b[0m\u001b[49m  \u001b[0m\u001b[49m  \u001b[0m\u001b[7m  \u001b[0m\n\u001b[7m  \u001b[0m\u001b[49m  \u001b[0m\u001b[49m  \u001b[0m\u001b[49m  \u001b[0m\u001b[49m  \u001b[0m\u001b[49m  \u001b[0m\u001b[49m  \u001b[0m\u001b[49m  \u001b[0m\u001b[7m  \u001b[0m\u001b[49m  \u001b[0m\u001b[7m  \u001b[0m\u001b[7m  \u001b[0m\u001b[7m  \u001b[0m\u001b[49m  \u001b[0m\u001b[7m  \u001b[0m\u001b[7m  \u001b[0m\u001b[7m  \u001b[0m\u001b[49m  \u001b[0m\u001b[49m  \u001b[0m\u001b[7m  \u001b[0m\u001b[7m  \u001b[0m\u001b[7m  \u001b[0m\u001b[49m  \u001b[0m\u001b[7m  \u001b[0m\u001b[7m  \u001b[0m\u001b[49m  \u001b[0m\u001b[7m  \u001b[0m\n\u001b[7m  \u001b[0m\u001b[7m  \u001b[0m\u001b[7m  \u001b[0m\u001b[7m  \u001b[0m\u001b[7m  \u001b[0m\u001b[7m  \u001b[0m\u001b[7m  \u001b[0m\u001b[7m  \u001b[0m\u001b[7m  \u001b[0m\u001b[7m  \u001b[0m\u001b[7m  \u001b[0m\u001b[7m  \u001b[0m\u001b[7m  \u001b[0m\u001b[7m  \u001b[0m\u001b[7m  \u001b[0m\u001b[7m  \u001b[0m\u001b[7m  \u001b[0m\u001b[7m  \u001b[0m\u001b[7m  \u001b[0m\u001b[7m  \u001b[0m\u001b[7m  \u001b[0m\u001b[7m  \u001b[0m\u001b[7m  \u001b[0m\u001b[7m  \u001b[0m\u001b[7m  \u001b[0m\u001b[7m  \u001b[0m\u001b[7m  \u001b[0m\n", "tls_termination": true, "requested_host": "localhost", "requested_port": 80, "address": "e35955c9b16372.lhr.life", "listen_host": "e35955c9b16372.lhr.life", "listen_port": 80, "type": "opened", "status": "success", "authz_code": "OK"}
Read from remote host localhost.run: Connection reset by peer
client_loop: send disconnect: Connection reset by peer
** WARNING: connection is not using a post-quantum key exchange algorithm.
** This session may be vulnerable to "store now, decrypt later" attacks.
** The server may need to be upgraded. See https://openssh.com/pq.html

===============================================================================
Welcome to localhost.run!

Follow your favourite reverse tunnel at [https://twitter.com/localhost_run].

To set up and manage custom domains go to https://admin.localhost.run/

More details on custom domains (and how to enable subdomains of your custom
domain) at https://localhost.run/docs/custom-domains

If you get a permission denied error check the faq for how to connect with a key or
create a free tunnel without a key at [http://localhost:3000/docs/faq#generating-an-ssh-key].

To explore using localhost.run visit the documentation site:
https://localhost.run/docs/

===============================================================================

** your connection id is 3f54be89-e4d3-49fa-b7f7-f5818a5f30c5, please mention it if you send me a message about an issue. **

{"connection_id": "802eca3f-a070-49c4-8742-29485afe1371", "event": "authn", "message": "authenticated as anonymous user"}
{"connection_id": "802eca3f-a070-49c4-8742-29485afe1371", "event": "tcpip-forward", "message": "5fe5df32f9a115.lhr.life tunneled with tls termination, https://5fe5df32f9a115.lhr.life\ncreate an account and add your key for a longer lasting domain name. see https://localhost.run/docs/forever-free/ for more information.\nOpen your tunnel address on your mobile with this QR:\n\n\u001b[7m  \u001b[0m\u001b[7m  \u001b[0m\u001b[7m  \u001b[0m\u001b[7m  \u001b[0m\u001b[7m  \u001b[0m\u001b[7m  \u001b[0m\u001b[7m  \u001b[0m\u001b[7m  \u001b[0m\u001b[7m  \u001b[0m\u001b[7m  \u001b[0m\u001b[7m  \u001b[0m\u001b[7m  \u001b[0m\u001b[7m  \u001b[0m\u001b[7m  \u001b[0m\u001b[7m  \u001b[0m\u001b[7m  \u001b[0m\u001b[7m  \u001b[0m\u001b[7m  \u001b[0m\u001b[7m  \u001b[0m\u001b[7m  \u001b[0m\u001b[7m  \u001b[0m\u001b[7m  \u001b[0m\u001b[7m  \u001b[0m\u001b[7m  \u001b[0m\u001b[7m  \u001b[0m\u001b[7m  \u001b[0m\u001b[7m  \u001b[0m\n\u001b[7m  \u001b[0m\u001b[49m  \u001b[0m\u001b[49m  \u001b[0m\u001b[49m  \u001b[0m\u001b[49m  \u001b[0m\u001b[49m  \u001b[0m\u001b[49m  \u001b[0m\u001b[49m  \u001b[0m\u001b[7m  \u001b[0m\u001b[7m  \u001b[0m\u001b[7m  \u001b[0m\u001b[49m  \u001b[0m\u001b[7m  \u001b[0m\u001b[7m  \u001b[0m\u001b[49m  \u001b[0m\u001b[7m  \u001b[0m\u001b[7m  \u001b[0m\u001b[49m  \u001b[0m\u001b[7m  \u001b[0m\u001b[49m  \u001b[0m\u001b[49m  \u001b[0m\u001b[49m  \u001b[0m\u001b[49m  \u001b[0m\u001b[49m  \u001b[0m\u001b[49m  \u001b[0m\u001b[49m  \u001b[0m\u001b[7m  \u001b[0m\n\u001b[7m  \u001b[0m\u001b[49m  \u001b[0m\u001b[7m  \u001b[0m\u001b[7m  \u001b[0m\u001b[7m  \u001b[0m\u001b[7m  \u001b[0m\u001b[7m  \u001b[0m\u001b[49m  \u001b[0m\u001b[7m  \u001b[0m\u001b[49m  \u001b[0m\u001b[49m  \u001b[0m\u001b[49m  \u001b[0m\u001b[7m  \u001b[0m\u001b[7m  \u001b[0m\u001b[7m  \u001b[0m\u001b[7m  \u001b[0m\u001b[49m  \u001b[0m\u001b[7m  \u001b[0m\u001b[7m  \u001b[0m\u001b[49m  \u001b[0m\u001b[7m  \u001b[0m\u001b[7m  \u001b[0m\u001b[7m  \u001b[0m\u001b[7m  \u001b[0m\u001b[7m  \u001b[0m\u001b[49m  \u001b[0m\u001b[7m  \u001b[0m\n\u001b[7m  \u001b[0m\u001b[49m  \u001b[0m\u001b[7m  \u001b[0m\u001b[49m  \u001b[0m\u001b[49m  \u001b[0m\u001b[49m  \u001b[0m\u001b[7m  \u001b[0m\u001b[49m  \u001b[0m\u001b[7m  \u001b[0m\u001b[49m  \u001b[0m\u001b[7m  \u001b[0m\u001b[7m  \u001b[0m\u001b[7m  \u001b[0m\u001b[7m  \u001b[0m\u001b[49m  \u001b[0m\u001b[7m  \u001b[0m\u001b[49m  \u001b[0m\u001b[49m  \u001b[0m\u001b[7m  \u001b[0m\u001b[49m  \u001b[0m\u001b[7m  \u001b[0m\u001b[49m  \u001b[0m\u001b[49m  \u001b[0m\u001b[49m  \u001b[0m\u001b[7m  \u001b[0m\u001b[49m  \u001b[0m\u001b[7m  \u001b[0m\n\u001b[7m  \u001b[0m\u001b[49m  \u001b[0m\u001b[7m  \u001b[0m\u001b[49m  \u001b[0m\u001b[49m  \u001b[0m\u001b[49m  \u001b[0m\u001b[7m  \u001b[0m\u001b[49m  \u001b[0m\u001b[7m  \u001b[0m\u001b[7m  \u001b[0m\u001b[49m  \u001b[0m\u001b[7m  \u001b[0m\u001b[7m  \u001b[0m\u001b[49m  \u001b[0m\u001b[7m  \u001b[0m\u001b[49m  \u001b[0m\u001b[7m  \u001b[0m\u001b[49m  \u001b[0m\u001b[7m  \u001b[0m\u001b[49m  \u001b[0m\u001b[7m  \u001b[0m\u001b[49m  \u001b[0m\u001b[49m  \u001b[0m\u001b[49m  \u001b[0m\u001b[7m  \u001b[0m\u001b[49m  \u001b[0m\u001b[7m  \u001b[0m\n\u001b[7m  \u001b[0m\u001b[49m  \u001b[0m\u001b[7m  \u001b[0m\u001b[49m  \u001b[0m\u001b[49m  \u001b[0m\u001b[49m  \u001b[0m\u001b[7m  \u001b[0m\u001b[49m  \u001b[0m\u001b[7m  \u001b[0m\u001b[49m  \u001b[0m\u001b[49m  \u001b[0m\u001b[49m  \u001b[0m\u001b[7m  \u001b[0m\u001b[49m  \u001b[0m\u001b[7m  \u001b[0m\u001b[49m  \u001b[0m\u001b[49m  \u001b[0m\u001b[7m  \u001b[0m\u001b[7m  \u001b[0m\u001b[49m  \u001b[0m\u001b[7m  \u001b[0m\u001b[49m  \u001b[0m\u001b[49m  \u001b[0m\u001b[49m  \u001b[0m\u001b[7m  \u001b[0m\u001b[49m  \u001b[0m\u001b[7m  \u001b[0m\n\u001b[7m  \u001b[0m\u001b[49m  \u001b[0m\u001b[7m  \u001b[0m\u001b[7m  \u001b[0m\u001b[7m  \u001b[0m\u001b[7m  \u001b[0m\u001b[7m  \u001b[0m\u001b[49m  \u001b[0m\u001b[7m  \u001b[0m\u001b[49m  \u001b[0m\u001b[7m  \u001b[0m\u001b[49m  \u001b[0m\u001b[7m  \u001b[0m\u001b[49m  \u001b[0m\u001b[7m  \u001b[0m\u001b[7m  \u001b[0m\u001b[7m  \u001b[0m\u001b[49m  \u001b[0m\u001b[7m  \u001b[0m\u001b[49m  \u001b[0m\u001b[7m  \u001b[0m\u001b[7m  \u001b[0m\u001b[7m  \u001b[0m\u001b[7m  \u001b[0m\u001b[7m  \u001b[0m\u001b[49m  \u001b[0m\u001b[7m  \u001b[0m\n\u001b[7m  \u001b[0m\u001b[49m  \u001b[0m\u001b[49m  \u001b[0m\u001b[49m  \u001b[0m\u001b[49m  \u001b[0m\u001b[49m  \u001b[0m\u001b[49m  \u001b[0m\u001b[49m  \u001b[0m\u001b[7m  \u001b[0m\u001b[49m  \u001b[0m\u001b[7m  \u001b[0m\u001b[49m  \u001b[0m\u001b[7m  \u001b[0m\u001b[49m  \u001b[0m\u001b[7m  \u001b[0m\u001b[49m  \u001b[0m\u001b[7m  \u001b[0m\u001b[49m  \u001b[0m\u001b[7m  \u001b[0m\u001b[49m  \u001b[0m\u001b[49m  \u001b[0m\u001b[49m  \u001b[0m\u001b[49m  \u001b[0m\u001b[49m  \u001b[0m\u001b[49m  \u001b[0m\u001b[49m  \u001b[0m\u001b[7m  \u001b[0m\n\u001b[7m  \u001b[0m\u001b[7m  \u001b[0m\u001b[7m  \u001b[0m\u001b[7m  \u001b[0m\u001b[7m  \u001b[0m\u001b[7m  \u001b[0m\u001b[7m  \u001b[0m\u001b[7m  \u001b[0m\u001b[7m  \u001b[0m\u001b[49m  \u001b[0m\u001b[7m  \u001b[0m\u001b[49m  \u001b[0m\u001b[49m  \u001b[0m\u001b[7m  \u001b[0m\u001b[49m  \u001b[0m\u001b[7m  \u001b[0m\u001b[7m  \u001b[0m\u001b[49m  \u001b[0m\u001b[7m  \u001b[0m\u001b[7m  \u001b[0m\u001b[7m  \u001b[0m\u001b[7m  \u001b[0m\u001b[7m  \u001b[0m\u001b[7m  \u001b[0m\u001b[7m  \u001b[0m\u001b[7m  \u001b[0m\u001b[7m  \u001b[0m\n\u001b[7m  \u001b[0m\u001b[49m  \u001b[0m\u001b[49m  \u001b[0m\u001b[7m  \u001b[0m\u001b[49m  \u001b[0m\u001b[7m  \u001b[0m\u001b[7m  \u001b[0m\u001b[49m  \u001b[0m\u001b[49m  \u001b[0m\u001b[7m  \u001b[0m\u001b[7m  \u001b[0m\u001b[7m  \u001b[0m\u001b[49m  \u001b[0m\u001b[49m  \u001b[0m\u001b[49m  \u001b[0m\u001b[49m  \u001b[0m\u001b[49m  \u001b[0m\u001b[7m  \u001b[0m\u001b[7m  \u001b[0m\u001b[49m  \u001b[0m\u001b[49m  \u001b[0m\u001b[49m  \u001b[0m\u001b[7m  \u001b[0m\u001b[49m  \u001b[0m\u001b[49m  \u001b[0m\u001b[7m  \u001b[0m\u001b[7m  \u001b[0m\n\u001b[7m  \u001b[0m\u001b[49m  \u001b[0m\u001b[7m  \u001b[0m\u001b[49m  \u001b[0m\u001b[7m  \u001b[0m\u001b[7m  \u001b[0m\u001b[49m  \u001b[0m\u001b[7m  \u001b[0m\u001b[49m  \u001b[0m\u001b[7m  \u001b[0m\u001b[49m  \u001b[0m\u001b[7m  \u001b[0m\u001b[49m  \u001b[0m\u001b[49m  \u001b[0m\u001b[7m  \u001b[0m\u001b[7m  \u001b[0m\u001b[7m  \u001b[0m\u001b[7m  \u001b[0m\u001b[49m  \u001b[0m\u001b[49m  \u001b[0m\u001b[7m  \u001b[0m\u001b[7m  \u001b[0m\u001b[7m  \u001b[0m\u001b[7m  \u001b[0m\u001b[49m  \u001b[0m\u001b[49m  \u001b[0m\u001b[7m  \u001b[0m\n\u001b[7m  \u001b[0m\u001b[7m  \u001b[0m\u001b[49m  \u001b[0m\u001b[7m  \u001b[0m\u001b[7m  \u001b[0m\u001b[49m  \u001b[0m\u001b[7m  \u001b[0m\u001b[49m  \u001b[0m\u001b[49m  \u001b[0m\u001b[7m  \u001b[0m\u001b[7m  \u001b[0m\u001b[7m  \u001b[0m\u001b[49m  \u001b[0m\u001b[49m  \u001b[0m\u001b[49m  \u001b[0m\u001b[7m  \u001b[0m\u001b[49m  \u001b[0m\u001b[7m  \u001b[0m\u001b[7m  \u001b[0m\u001b[49m  \u001b[0m\u001b[7m  \u001b[0m\u001b[49m  \u001b[0m\u001b[49m  \u001b[0m\u001b[7m  \u001b[0m\u001b[49m  \u001b[0m\u001b[49m  \u001b[0m\u001b[7m  \u001b[0m\n\u001b[7m  \u001b[0m\u001b[7m  \u001b[0m\u001b[49m  \u001b[0m\u001b[49m  \u001b[0m\u001b[7m  \u001b[0m\u001b[7m  \u001b[0m\u001b[49m  \u001b[0m\u001b[7m  \u001b[0m\u001b[7m  \u001b[0m\u001b[7m  \u001b[0m\u001b[49m  \u001b[0m\u001b[49m  \u001b[0m\u001b[49m  \u001b[0m\u001b[49m  \u001b[0m\u001b[7m  \u001b[0m\u001b[49m  \u001b[0m\u001b[49m  \u001b[0m\u001b[49m  \u001b[0m\u001b[7m  \u001b[0m\u001b[7m  \u001b[0m\u001b[49m  \u001b[0m\u001b[7m  \u001b[0m\u001b[7m  \u001b[0m\u001b[7m  \u001b[0m\u001b[7m  \u001b[0m\u001b[49m  \u001b[0m\u001b[7m  \u001b[0m\n\u001b[7m  \u001b[0m\u001b[7m  \u001b[0m\u001b[7m  \u001b[0m\u001b[7m  \u001b[0m\u001b[49m  \u001b[0m\u001b[49m  \u001b[0m\u001b[49m  \u001b[0m\u001b[49m  \u001b[0m\u001b[49m  \u001b[0m\u001b[49m  \u001b[0m\u001b[7m  \u001b[0m\u001b[49m  \u001b[0m\u001b[49m  \u001b[0m\u001b[7m  \u001b[0m\u001b[49m  \u001b[0m\u001b[7m  \u001b[0m\u001b[49m  \u001b[0m\u001b[49m  \u001b[0m\u001b[49m  \u001b[0m\u001b[49m  \u001b[0m\u001b[7m  \u001b[0m\u001b[7m  \u001b[0m\u001b[7m  \u001b[0m\u001b[49m  \u001b[0m\u001b[7m  \u001b[0m\u001b[7m  \u001b[0m\u001b[7m  \u001b[0m\n\u001b[7m  \u001b[0m\u001b[7m  \u001b[0m\u001b[7m  \u001b[0m\u001b[49m  \u001b[0m\u001b[49m  \u001b[0m\u001b[7m  \u001b[0m\u001b[49m  \u001b[0m\u001b[7m  \u001b[0m\u001b[49m  \u001b[0m\u001b[7m  \u001b[0m\u001b[49m  \u001b[0m\u001b[7m  \u001b[0m\u001b[49m  \u001b[0m\u001b[7m  \u001b[0m\u001b[7m  \u001b[0m\u001b[7m  \u001b[0m\u001b[49m  \u001b[0m\u001b[49m  \u001b[0m\u001b[49m  \u001b[0m\u001b[7m  \u001b[0m\u001b[49m  \u001b[0m\u001b[7m  \u001b[0m\u001b[7m  \u001b[0m\u001b[49m  \u001b[0m\u001b[49m  \u001b[0m\u001b[49m  \u001b[0m\u001b[7m  \u001b[0m\n\u001b[7m  \u001b[0m\u001b[49m  \u001b[0m\u001b[7m  \u001b[0m\u001b[49m  \u001b[0m\u001b[7m  \u001b[0m\u001b[7m  \u001b[0m\u001b[7m  \u001b[0m\u001b[49m  \u001b[0m\u001b[7m  \u001b[0m\u001b[7m  \u001b[0m\u001b[7m  \u001b[0m\u001b[49m  \u001b[0m\u001b[49m  \u001b[0m\u001b[7m  \u001b[0m\u001b[7m  \u001b[0m\u001b[49m  \u001b[0m\u001b[7m  \u001b[0m\u001b[49m  \u001b[0m\u001b[7m  \u001b[0m\u001b[49m  \u001b[0m\u001b[49m  \u001b[0m\u001b[49m  \u001b[0m\u001b[7m  \u001b[0m\u001b[7m  \u001b[0m\u001b[49m  \u001b[0m\u001b[7m  \u001b[0m\u001b[7m  \u001b[0m\n\u001b[7m  \u001b[0m\u001b[7m  \u001b[0m\u001b[49m  \u001b[0m\u001b[49m  \u001b[0m\u001b[49m  \u001b[0m\u001b[49m  \u001b[0m\u001b[7m  \u001b[0m\u001b[7m  \u001b[0m\u001b[7m  \u001b[0m\u001b[7m  \u001b[0m\u001b[7m  \u001b[0m\u001b[49m  \u001b[0m\u001b[49m  \u001b[0m\u001b[7m  \u001b[0m\u001b[7m  \u001b[0m\u001b[7m  \u001b[0m\u001b[7m  \u001b[0m\u001b[49m  \u001b[0m\u001b[49m  \u001b[0m\u001b[7m  \u001b[0m\u001b[7m  \u001b[0m\u001b[49m  \u001b[0m\u001b[49m  \u001b[0m\u001b[7m  \u001b[0m\u001b[7m  \u001b[0m\u001b[7m  \u001b[0m\u001b[7m  \u001b[0m\n\u001b[7m  \u001b[0m\u001b[49m  \u001b[0m\u001b[49m  \u001b[0m\u001b[49m  \u001b[0m\u001b[7m  \u001b[0m\u001b[49m  \u001b[0m\u001b[49m  \u001b[0m\u001b[49m  \u001b[0m\u001b[7m  \u001b[0m\u001b[49m  \u001b[0m\u001b[49m  \u001b[0m\u001b[49m  \u001b[0m\u001b[7m  \u001b[0m\u001b[49m  \u001b[0m\u001b[7m  \u001b[0m\u001b[7m  \u001b[0m\u001b[7m  \u001b[0m\u001b[49m  \u001b[0m\u001b[49m  \u001b[0m\u001b[49m  \u001b[0m\u001b[49m  \u001b[0m\u001b[49m  \u001b[0m\u001b[49m  \u001b[0m\u001b[49m  \u001b[0m\u001b[7m  \u001b[0m\u001b[49m  \u001b[0m\u001b[7m  \u001b[0m\n\u001b[7m  \u001b[0m\u001b[7m  \u001b[0m\u001b[7m  \u001b[0m\u001b[7m  \u001b[0m\u001b[7m  \u001b[0m\u001b[7m  \u001b[0m\u001b[7m  \u001b[0m\u001b[7m  \u001b[0m\u001b[7m  \u001b[0m\u001b[49m  \u001b[0m\u001b[49m  \u001b[0m\u001b[49m  \u001b[0m\u001b[7m  \u001b[0m\u001b[49m  \u001b[0m\u001b[49m  \u001b[0m\u001b[49m  \u001b[0m\u001b[49m  \u001b[0m\u001b[49m  \u001b[0m\u001b[7m  \u001b[0m\u001b[7m  \u001b[0m\u001b[7m  \u001b[0m\u001b[49m  \u001b[0m\u001b[7m  \u001b[0m\u001b[49m  \u001b[0m\u001b[49m  \u001b[0m\u001b[49m  \u001b[0m\u001b[7m  \u001b[0m\n\u001b[7m  \u001b[0m\u001b[49m  \u001b[0m\u001b[49m  \u001b[0m\u001b[49m  \u001b[0m\u001b[49m  \u001b[0m\u001b[49m  \u001b[0m\u001b[49m  \u001b[0m\u001b[49m  \u001b[0m\u001b[7m  \u001b[0m\u001b[49m  \u001b[0m\u001b[7m  \u001b[0m\u001b[49m  \u001b[0m\u001b[49m  \u001b[0m\u001b[49m  \u001b[0m\u001b[7m  \u001b[0m\u001b[49m  \u001b[0m\u001b[7m  \u001b[0m\u001b[49m  \u001b[0m\u001b[7m  \u001b[0m\u001b[49m  \u001b[0m\u001b[7m  \u001b[0m\u001b[49m  \u001b[0m\u001b[49m  \u001b[0m\u001b[49m  \u001b[0m\u001b[7m  \u001b[0m\u001b[7m  \u001b[0m\u001b[7m  \u001b[0m\n\u001b[7m  \u001b[0m\u001b[49m  \u001b[0m\u001b[7m  \u001b[0m\u001b[7m  \u001b[0m\u001b[7m  \u001b[0m\u001b[7m  \u001b[0m\u001b[7m  \u001b[0m\u001b[49m  \u001b[0m\u001b[7m  \u001b[0m\u001b[7m  \u001b[0m\u001b[49m  \u001b[0m\u001b[49m  \u001b[0m\u001b[7m  \u001b[0m\u001b[49m  \u001b[0m\u001b[7m  \u001b[0m\u001b[7m  \u001b[0m\u001b[49m  \u001b[0m\u001b[49m  \u001b[0m\u001b[7m  \u001b[0m\u001b[7m  \u001b[0m\u001b[7m  \u001b[0m\u001b[49m  \u001b[0m\u001b[7m  \u001b[0m\u001b[7m  \u001b[0m\u001b[7m  \u001b[0m\u001b[49m  \u001b[0m\u001b[7m  \u001b[0m\n\u001b[7m  \u001b[0m\u001b[49m  \u001b[0m\u001b[7m  \u001b[0m\u001b[49m  \u001b[0m\u001b[49m  \u001b[0m\u001b[49m  \u001b[0m\u001b[7m  \u001b[0m\u001b[49m  \u001b[0m\u001b[7m  \u001b[0m\u001b[7m  \u001b[0m\u001b[49m  \u001b[0m\u001b[49m  \u001b[0m\u001b[7m  \u001b[0m\u001b[7m  \u001b[0m\u001b[7m  \u001b[0m\u001b[7m  \u001b[0m\u001b[49m  \u001b[0m\u001b[49m  \u001b[0m\u001b[49m  \u001b[0m\u001b[49m  \u001b[0m\u001b[49m  \u001b[0m\u001b[49m  \u001b[0m\u001b[49m  \u001b[0m\u001b[49m  \u001b[0m\u001b[7m  \u001b[0m\u001b[7m  \u001b[0m\u001b[7m  \u001b[0m\n\u001b[7m  \u001b[0m\u001b[49m  \u001b[0m\u001b[7m  \u001b[0m\u001b[49m  \u001b[0m\u001b[49m  \u001b[0m\u001b[49m  \u001b[0m\u001b[7m  \u001b[0m\u001b[49m  \u001b[0m\u001b[7m  \u001b[0m\u001b[49m  \u001b[0m\u001b[49m  \u001b[0m\u001b[49m  \u001b[0m\u001b[49m  \u001b[0m\u001b[7m  \u001b[0m\u001b[7m  \u001b[0m\u001b[7m  \u001b[0m\u001b[7m  \u001b[0m\u001b[49m  \u001b[0m\u001b[49m  \u001b[0m\u001b[49m  \u001b[0m\u001b[49m  \u001b[0m\u001b[7m  \u001b[0m\u001b[49m  \u001b[0m\u001b[7m  \u001b[0m\u001b[49m  \u001b[0m\u001b[7m  \u001b[0m\u001b[7m  \u001b[0m\n\u001b[7m  \u001b[0m\u001b[49m  \u001b[0m\u001b[7m  \u001b[0m\u001b[49m  \u001b[0m\u001b[49m  \u001b[0m\u001b[49m  \u001b[0m\u001b[7m  \u001b[0m\u001b[49m  \u001b[0m\u001b[7m  \u001b[0m\u001b[7m  \u001b[0m\u001b[7m  \u001b[0m\u001b[49m  \u001b[0m\u001b[7m  \u001b[0m\u001b[7m  \u001b[0m\u001b[7m  \u001b[0m\u001b[7m  \u001b[0m\u001b[7m  \u001b[0m\u001b[7m  \u001b[0m\u001b[7m  \u001b[0m\u001b[7m  \u001b[0m\u001b[7m  \u001b[0m\u001b[49m  \u001b[0m\u001b[7m  \u001b[0m\u001b[7m  \u001b[0m\u001b[7m  \u001b[0m\u001b[49m  \u001b[0m\u001b[7m  \u001b[0m\n\u001b[7m  \u001b[0m\u001b[49m  \u001b[0m\u001b[7m  \u001b[0m\u001b[7m  \u001b[0m\u001b[7m  \u001b[0m\u001b[7m  \u001b[0m\u001b[7m  \u001b[0m\u001b[49m  \u001b[0m\u001b[7m  \u001b[0m\u001b[49m  \u001b[0m\u001b[49m  \u001b[0m\u001b[7m  \u001b[0m\u001b[7m  \u001b[0m\u001b[7m  \u001b[0m\u001b[7m  \u001b[0m\u001b[49m  \u001b[0m\u001b[49m  \u001b[0m\u001b[7m  \u001b[0m\u001b[7m  \u001b[0m\u001b[49m  \u001b[0m\u001b[49m  \u001b[0m\u001b[49m  \u001b[0m\u001b[7m  \u001b[0m\u001b[49m  \u001b[0m\u001b[7m  \u001b[0m\u001b[49m  \u001b[0m\u001b[7m  \u001b[0m\n\u001b[7m  \u001b[0m\u001b[49m  \u001b[0m\u001b[49m  \u001b[0m\u001b[49m  \u001b[0m\u001b[49m  \u001b[0m\u001b[49m  \u001b[0m\u001b[49m  \u001b[0m\u001b[49m  \u001b[0m\u001b[7m  \u001b[0m\u001b[49m  \u001b[0m\u001b[49m  \u001b[0m\u001b[49m  \u001b[0m\u001b[7m  \u001b[0m\u001b[49m  \u001b[0m\u001b[7m  \u001b[0m\u001b[7m  \u001b[0m\u001b[49m  \u001b[0m\u001b[7m  \u001b[0m\u001b[7m  \u001b[0m\u001b[7m  \u001b[0m\u001b[7m  \u001b[0m\u001b[49m  \u001b[0m\u001b[49m  \u001b[0m\u001b[7m  \u001b[0m\u001b[7m  \u001b[0m\u001b[49m  \u001b[0m\u001b[7m  \u001b[0m\n\u001b[7m  \u001b[0m\u001b[7m  \u001b[0m\u001b[7m  \u001b[0m\u001b[7m  \u001b[0m\u001b[7m  \u001b[0m\u001b[7m  \u001b[0m\u001b[7m  \u001b[0m\u001b[7m  \u001b[0m\u001b[7m  \u001b[0m\u001b[7m  \u001b[0m\u001b[7m  \u001b[0m\u001b[7m  \u001b[0m\u001b[7m  \u001b[0m\u001b[7m  \u001b[0m\u001b[7m  \u001b[0m\u001b[7m  \u001b[0m\u001b[7m  \u001b[0m\u001b[7m  \u001b[0m\u001b[7m  \u001b[0m\u001b[7m  \u001b[0m\u001b[7m  \u001b[0m\u001b[7m  \u001b[0m\u001b[7m  \u001b[0m\u001b[7m  \u001b[0m\u001b[7m  \u001b[0m\u001b[7m  \u001b[0m\u001b[7m  \u001b[0m\n", "tls_termination": true, "requested_host": "localhost", "requested_port": 80, "address": "5fe5df32f9a115.lhr.life", "listen_host": "5fe5df32f9a115.lhr.life", "listen_port": 80, "type": "opened", "status": "success", "authz_code": "OK"}
Read from remote host localhost.run: Connection reset by peer
client_loop: send disconnect: Connection reset by peer
ssh: Could not resolve hostname localhost.run: Name or service not known
ssh: Could not resolve hostname localhost.run: Name or service not known
ssh: Could not resolve hostname localhost.run: Name or service not known
ssh: Could not resolve hostname localhost.run: Name or service not known
ssh: Could not resolve hostname localhost.run: Name or service not known
ssh: Could not resolve hostname localhost.run: Name or service not known
ssh: Could not resolve hostname localhost.run: Name or service not known
ssh: Could not resolve hostname localhost.run: Name or service not known
ssh: Could not resolve hostname localhost.run: Name or service not known
ssh: Could not resolve hostname localhost.run: Name or service not known
ssh: Could not resolve hostname localhost.run: Name or service not known
ssh: Could not resolve hostname localhost.run: Name or service not known
ssh: Could not resolve hostname localhost.run: Name or service not known
ssh: Could not resolve hostname localhost.run: Name or service not known
ssh: Could not resolve hostname localhost.run: Name or service not known
ssh: Could not resolve hostname localhost.run: Name or service not known
ssh: Could not resolve hostname localhost.run: Name or service not known
ssh: Could not resolve hostname localhost.run: Name or service not known
ssh: Could not resolve hostname localhost.run: Name or service not known
ssh: Could not resolve hostname localhost.run: Name or service not known
ssh: Could not resolve hostname localhost.run: Name or service not known
ssh: Could not resolve hostname localhost.run: Name or service not known
ssh: Could not resolve hostname localhost.run: Name or service not known
ssh: Could not resolve hostname localhost.run: Name or service not known
ssh: Could not resolve hostname localhost.run: Name or service not known
ssh: Could not resolve hostname localhost.run: Name or service not known
ssh: Could not resolve hostname localhost.run: Name or service not known
ssh: Could not resolve hostname localhost.run: Name or service not known
